iteration,pct_concluded,pct_optimal,pct_err10,pct_err20,pct_err30,pct_err40,pct_err50,mean_diff_iter,mean_reward_iter,min_reward_iter,max_reward_iter,ep1_diff,ep2_diff,ep3_diff,ep4_diff,ep5_diff,ep6_diff,ep7_diff,ep8_diff,ep9_diff,ep10_diff
1,0.0,0.0,0.0,0.0,0.0,0.0,0.0,0.0,-4.9762,-5.0633,-4.8772,-,-,-,-,-,-,-,-,-,-
2,0.0,0.0,0.0,0.0,0.0,0.0,0.0,0.0,-4.958,-5.0832,-4.859,-,-,-,-,-,-,-,-,-,-
3,30.0,20.0,20.0,20.0,20.0,20.0,20.0,68.69,-0.6313,-1.4416,1.0333,-,-,206.07,-,0.0,-,-,-,0.0,-
4,50.0,20.0,20.0,20.0,20.0,20.0,30.0,73.06,-1.9754,-5.1166,1.1328,0.0,-,-,-,159.2,0.0,-,-,158.87,47.22
5,20.0,10.0,10.0,10.0,20.0,20.0,20.0,14.21,-3.0494,-5.2299,1.0876,0.0,-,-,28.42,-,-,-,-,-,-
6,20.0,20.0,20.0,20.0,20.0,20.0,20.0,0.0,-3.759,-5.0094,1.0333,-,-,-,-,0.0,-,-,-,0.0,-
7,10.0,10.0,10.0,10.0,10.0,10.0,10.0,0.0,-3.9887,-5.0,1.0333,0.0,-,-,-,-,-,-,-,-,-
8,0.0,0.0,0.0,0.0,0.0,0.0,0.0,0.0,-4.9641,-4.9971,-4.8293,-,-,-,-,-,-,-,-,-,-
9,40.0,30.0,30.0,30.0,40.0,40.0,40.0,7.1,-1.1287,-4.9971,1.0876,0.0,-,-,28.42,0.0,-,-,-,0.0,-
10,10.0,0.0,0.0,0.0,0.0,0.0,0.0,127.85,-3.6707,-5.1158,0.9984,-,-,-,-,-,-,127.85,-,-,-
11,30.0,0.0,0.0,0.0,0.0,0.0,0.0,180.91,-1.4057,-5.0397,0.9984,-,219.13,195.75,-,-,-,127.85,-,-,-
12,40.0,0.0,0.0,10.0,20.0,20.0,20.0,96.12,-2.5527,-5.0073,1.2076,-,-,-,-,171.83,-,14.67,26.26,171.7,-
13,40.0,0.0,0.0,0.0,0.0,0.0,0.0,101.14,-2.2205,-4.973,1.016,-,-,-,109.25,83.69,-,127.85,-,83.75,-
14,40.0,10.0,10.0,10.0,20.0,20.0,20.0,171.39,-0.4552,-1.4901,1.0876,0.0,-,-,28.42,-,-,428.52,228.62,-,-
15,30.0,10.0,10.0,10.0,20.0,20.0,20.0,30.82,-2.7958,-5.0832,1.0876,0.0,-,-,28.42,-,-,-,-,-,64.03
16,60.0,0.0,0.0,0.0,0.0,0.0,0.0,258.24,0.0081,-1.373,1.0373,167.67,-,95.46,90.28,-,374.81,225.81,-,-,595.42
17,60.0,20.0,30.0,30.0,30.0,30.0,30.0,50.94,-1.0021,-5.0163,1.087,96.4,147.49,4.6,-,0.0,-,-,-,0.0,57.17
18,20.0,20.0,20.0,20.0,20.0,20.0,20.0,0.0,-3.4306,-5.168,1.0333,-,-,-,-,0.0,-,-,-,0.0,-
19,0.0,0.0,0.0,0.0,0.0,0.0,0.0,0.0,-4.2152,-5.02,-1.284,-,-,-,-,-,-,-,-,-,-
20,10.0,0.0,0.0,0.0,0.0,0.0,0.0,156.53,-2.1561,-4.9922,0.9799,156.53,-,-,-,-,-,-,-,-,-
21,10.0,0.0,0.0,0.0,0.0,0.0,0.0,200.0,-2.5735,-5.1702,0.9506,-,-,-,-,-,-,-,-,-,200.0
22,40.0,10.0,30.0,30.0,30.0,30.0,40.0,15.29,-1.063,-4.9973,1.1333,0.0,-,4.6,-,-,7.4,-,-,-,49.16
23,50.0,20.0,20.0,20.0,20.0,20.0,20.0,97.66,-1.2178,-4.93,1.0509,96.43,-,-,-,0.0,-,337.27,-,0.0,54.6
24,50.0,20.0,30.0,30.0,30.0,30.0,40.0,56.96,-1.6408,-5.0914,1.1333,-,-,47.4,-,0.0,7.4,-,-,0.0,229.99
25,50.0,0.0,20.0,20.0,20.0,20.0,20.0,145.78,-0.9133,-5.0799,1.1815,417.87,0.17,-,-,-,7.4,-,73.49,-,229.99
26,30.0,0.0,0.0,0.0,0.0,0.0,10.0,80.62,-1.6941,-4.9826,1.102,-,-,48.56,-,96.4,-,-,-,96.9,-
27,30.0,10.0,20.0,20.0,20.0,20.0,20.0,45.55,-2.1484,-5.2978,1.1328,-,-,0.26,-,-,0.0,-,136.4,-,-
28,80.0,0.0,40.0,40.0,50.0,50.0,50.0,160.61,0.1468,-5.3121,1.198,95.8,0.17,0.26,28.42,-,7.4,536.06,4.84,-,611.94
29,70.0,0.0,10.0,20.0,30.0,30.0,40.0,79.18,-0.0419,-5.0043,1.1549,-,28.6,0.31,-,179.78,18.67,-,49.69,180.69,96.53
30,60.0,10.0,10.0,10.0,20.0,20.0,30.0,86.41,-0.6447,-5.0,1.1436,-,29.26,-,-,179.78,79.92,-,48.8,180.69,0.0
31,80.0,0.0,10.0,10.0,10.0,10.0,10.0,237.39,0.4798,-1.3981,1.087,860.04,190.03,4.6,190.88,171.83,-,224.34,85.71,171.7,-
32,70.0,0.0,20.0,20.0,20.0,20.0,30.0,91.41,-0.4145,-5.1663,1.1796,-,3.18,51.36,-,171.83,7.4,-,45.48,171.7,188.93
33,70.0,0.0,10.0,20.0,20.0,20.0,30.0,177.83,0.2991,-1.406,1.1796,-,3.18,47.17,-,450.9,18.67,-,84.04,451.92,188.91
34,80.0,0.0,20.0,30.0,30.0,30.0,30.0,90.38,0.5627,-1.4003,1.2,96.43,0.17,307.87,-,83.69,18.67,127.85,4.59,83.75,-
35,70.0,10.0,30.0,30.0,30.0,30.0,30.0,110.26,-0.0564,-4.996,1.1815,-,0.17,0.26,91.21,-,336.37,127.85,215.97,-,0.0
36,70.0,10.0,30.0,40.0,40.0,40.0,40.0,70.39,0.3297,-1.4579,1.1796,0.0,3.18,0.31,-,-,18.67,-,54.0,83.18,333.36
37,70.0,0.0,10.0,20.0,20.0,20.0,20.0,129.22,0.2591,-1.51,1.1799,-,62.91,0.26,70.44,-,147.73,366.23,16.3,-,240.67
38,50.0,0.0,10.0,10.0,10.0,10.0,10.0,288.09,-0.5298,-4.9171,1.1796,183.81,3.18,-,-,159.2,-,935.38,-,158.87,-
39,40.0,0.0,10.0,10.0,10.0,10.0,10.0,47.69,-1.8409,-4.9826,1.1333,-,57.74,51.36,74.25,-,7.4,-,-,-,-
40,70.0,0.0,0.0,10.0,10.0,10.0,20.0,179.32,0.2701,-1.4495,1.102,809.94,141.51,48.56,74.25,83.13,-,14.67,-,83.18,-
41,90.0,10.0,20.0,30.0,30.0,40.0,50.0,73.01,0.7968,-1.1842,1.1333,0.0,143.18,46.76,34.16,83.69,7.4,14.67,-,83.75,243.51
42,60.0,0.0,0.0,10.0,10.0,10.0,10.0,298.26,0.021,-1.4452,1.0317,-,254.69,610.02,-,71.06,-,14.67,-,70.92,768.21
43,80.0,10.0,20.0,20.0,20.0,20.0,20.0,112.21,0.1979,-4.9027,1.1333,364.0,-,51.36,0.0,71.06,7.4,120.1,-,70.92,212.8
44,50.0,0.0,0.0,0.0,0.0,0.0,0.0,172.96,-0.5396,-5.0125,1.0183,-,-,145.02,151.29,159.2,-,-,-,158.87,250.42
45,60.0,0.0,10.0,10.0,10.0,10.0,10.0,148.59,0.0755,-1.3758,1.1333,-,-,269.4,-,96.4,7.4,-,109.69,96.9,311.74
46,60.0,0.0,0.0,0.0,0.0,0.0,0.0,117.88,0.1005,-1.3758,1.0937,-,60.95,51.34,-,171.83,61.51,-,-,171.7,189.95
47,40.0,0.0,10.0,10.0,10.0,10.0,10.0,95.02,-0.3554,-1.4487,1.1333,-,-,-,-,159.2,7.4,-,-,158.87,54.6
48,70.0,0.0,0.0,10.0,10.0,10.0,10.0,147.79,0.2769,-1.4339,1.1036,-,60.95,372.88,-,159.2,18.67,-,200.54,158.87,63.4
49,80.0,20.0,30.0,30.0,30.0,30.0,40.0,73.84,0.5684,-1.325,1.1555,96.43,-,0.26,144.33,0.0,59.54,-,46.34,0.0,243.78
50,60.0,20.0,40.0,40.0,40.0,50.0,50.0,18.19,-0.6213,-4.9139,1.1333,-,-,0.26,38.09,0.0,7.4,-,-,0.0,63.4
51,80.0,0.0,20.0,20.0,20.0,20.0,20.0,144.9,0.5711,-1.2235,1.1333,179.72,-,0.26,-,352.91,7.4,84.29,122.58,354.86,57.17
52,90.0,10.0,20.0,20.0,20.0,20.0,30.0,162.7,0.7892,-1.2999,1.1333,156.53,76.7,0.0,-,503.98,7.4,84.29,78.11,508.16,49.16
53,40.0,0.0,10.0,10.0,10.0,20.0,30.0,51.4,-1.1312,-5.1332,1.1505,-,31.14,48.56,-,-,7.4,-,118.48,-,-
54,70.0,10.0,10.0,10.0,10.0,10.0,30.0,83.86,0.3074,-1.3832,1.1555,-,82.01,46.75,-,83.69,271.09,-,46.34,0.0,57.17
55,90.0,40.0,60.0,60.0,60.0,60.0,70.0,94.48,0.8121,-1.4463,1.1694,0.0,2.64,51.36,0.0,0.0,7.4,742.57,46.34,0.0,-
56,80.0,0.0,0.0,0.0,0.0,10.0,20.0,121.54,0.5177,-1.4414,1.1555,-,110.47,51.34,38.46,171.83,309.3,-,46.34,171.7,72.91
57,50.0,0.0,10.0,10.0,10.0,10.0,10.0,151.08,-0.8806,-4.9,1.0911,-,-,0.26,-,159.2,-,-,319.05,158.87,118.0
58,90.0,0.0,10.0,10.0,10.0,10.0,10.0,240.77,0.7421,-1.2425,1.0911,784.3,-,0.26,71.29,71.06,190.66,835.56,85.73,70.92,57.17
59,70.0,0.0,0.0,0.0,0.0,0.0,0.0,183.98,-0.4645,-5.1453,1.0872,-,70.59,322.48,-,338.44,67.51,-,84.18,340.64,64.03
60,50.0,0.0,10.0,10.0,10.0,10.0,10.0,117.67,-0.9254,-5.0015,1.0911,-,112.42,0.26,-,-,199.14,-,84.18,-,192.35
61,70.0,0.0,10.0,20.0,30.0,30.0,30.0,45.96,0.3584,-1.3832,1.1815,-,0.17,51.34,-,83.69,24.67,14.67,-,83.75,63.4
62,60.0,10.0,30.0,30.0,30.0,30.0,30.0,66.44,0.1009,-1.4009,1.1815,-,0.17,4.6,-,83.69,226.44,-,-,83.75,0.0
63,60.0,0.0,10.0,10.0,20.0,20.0,20.0,102.86,0.0906,-1.3857,1.0971,-,-,0.26,-,159.2,24.67,-,86.45,158.87,187.7
64,80.0,0.0,20.0,30.0,30.0,30.0,30.0,192.25,0.5621,-1.3463,1.1877,-,11.23,0.26,-,159.2,172.83,962.55,9.66,158.87,63.4
65,50.0,0.0,10.0,10.0,10.0,10.0,10.0,115.63,-0.5067,-4.9,1.0995,-,-,0.31,141.75,159.2,-,-,-,158.87,118.0
66,70.0,0.0,0.0,0.0,0.0,0.0,0.0,165.99,0.2979,-1.3758,1.0612,179.72,-,159.36,98.89,159.2,121.54,-,-,158.87,284.36
67,100.0,20.0,20.0,20.0,20.0,20.0,20.0,133.49,0.9765,0.7817,1.1178,0.0,161.94,159.36,0.0,159.2,113.25,224.34,239.33,158.87,118.58
68,70.0,0.0,0.0,0.0,0.0,0.0,0.0,149.42,0.3233,-1.3668,1.0842,-,-,159.36,53.42,159.2,65.53,330.9,-,158.87,118.63
69,100.0,10.0,30.0,30.0,30.0,40.0,40.0,246.08,0.9943,0.6533,1.1815,462.15,0.17,0.31,112.06,159.2,134.48,1400.69,32.85,158.87,0.0
70,70.0,0.0,10.0,10.0,10.0,10.0,10.0,128.37,0.2938,-1.3561,1.0911,-,54.35,0.26,-,159.2,212.75,-,109.98,158.87,203.16
71,70.0,0.0,10.0,10.0,20.0,20.0,20.0,275.43,0.2907,-1.4,1.1676,279.35,24.18,0.31,-,159.2,-,1221.91,84.18,158.87,-
72,60.0,0.0,10.0,10.0,10.0,10.0,10.0,183.56,0.0916,-1.2975,1.1877,-,94.01,-,125.83,159.2,-,553.79,9.66,158.87,-
73,60.0,20.0,20.0,20.0,20.0,20.0,30.0,68.65,0.0855,-1.3758,1.0667,-,80.78,159.36,-,0.0,-,-,122.58,0.0,49.16
74,60.0,0.0,0.0,0.0,10.0,10.0,20.0,150.77,0.052,-1.3758,1.1531,-,28.29,159.36,305.55,-,294.96,-,67.27,-,49.16
75,70.0,10.0,10.0,20.0,40.0,40.0,40.0,132.5,-0.4037,-5.116,1.1799,0.0,28.65,-,28.42,159.2,-,536.06,16.3,158.87,-
76,60.0,0.0,0.0,0.0,0.0,0.0,20.0,156.08,0.0873,-1.3758,1.1555,-,56.57,48.56,-,159.2,-,-,46.34,158.87,466.95
77,60.0,0.0,0.0,0.0,10.0,10.0,20.0,220.64,0.0543,-1.394,1.1577,-,30.92,48.56,-,159.2,571.78,-,-,158.87,354.48
78,90.0,20.0,30.0,30.0,30.0,30.0,30.0,239.83,0.6864,-1.3624,1.1694,451.53,2.64,629.62,232.34,0.0,303.6,-,67.27,0.0,471.5
79,100.0,0.0,20.0,20.0,30.0,30.0,30.0,373.99,0.8918,0.6051,1.1877,846.34,196.98,0.31,28.42,345.41,448.46,846.47,9.66,345.43,672.45
80,70.0,20.0,20.0,30.0,30.0,30.0,30.0,175.71,0.2863,-1.4333,1.183,362.3,56.57,363.37,-,0.0,-,433.39,14.35,0.0,-
81,70.0,0.0,20.0,20.0,20.0,20.0,40.0,104.8,0.3522,-1.4013,1.1815,-,0.17,48.3,-,171.83,7.4,285.02,-,171.7,49.16
82,70.0,0.0,20.0,30.0,30.0,30.0,30.0,121.83,0.339,-1.3832,1.1815,-,0.17,4.6,-,171.83,18.67,285.02,-,171.7,200.82
83,70.0,0.0,10.0,20.0,20.0,20.0,20.0,130.59,0.3149,-1.4372,1.1805,179.78,0.14,177.04,-,171.83,12.83,-,-,171.7,200.82
84,50.0,0.0,10.0,20.0,20.0,20.0,20.0,86.52,-0.1623,-1.5065,1.1,-,-,4.6,-,159.2,12.83,-,-,158.87,97.11
85,90.0,10.0,20.0,30.0,30.0,30.0,30.0,118.52,0.7465,-1.4333,1.1036,0.0,142.38,0.31,240.05,83.69,18.67,342.82,155.03,83.75,-
86,60.0,0.0,0.0,0.0,10.0,10.0,20.0,185.2,0.0767,-1.4165,1.1642,618.79,24.99,48.6,276.86,71.06,-,-,-,70.92,-
87,70.0,0.0,0.0,0.0,0.0,10.0,20.0,151.36,0.2951,-1.4,1.1566,-,-,48.56,-,71.06,288.59,310.96,32.85,70.92,236.59
88,60.0,10.0,10.0,10.0,10.0,10.0,10.0,253.68,0.005,-1.4326,1.0333,0.0,-,159.36,-,71.06,437.68,-,-,70.92,783.04
89,80.0,10.0,10.0,10.0,20.0,20.0,20.0,154.62,0.5239,-1.4165,1.1667,0.0,25.87,178.74,155.45,159.2,214.88,-,-,158.87,343.97
90,60.0,0.0,0.0,0.0,0.0,0.0,0.0,149.18,0.0611,-1.4165,1.0355,183.81,104.43,-,148.14,159.2,-,-,140.61,158.87,-
91,70.0,0.0,0.0,0.0,0.0,0.0,0.0,229.93,0.2585,-1.3476,1.0203,183.81,138.48,174.9,-,71.06,-,225.81,-,70.92,744.51
92,100.0,0.0,0.0,0.0,0.0,0.0,10.0,150.04,0.9829,0.7406,1.098,183.81,211.96,159.36,43.06,159.2,53.69,84.29,335.02,158.87,111.14
93,80.0,0.0,0.0,0.0,0.0,0.0,0.0,283.62,0.4597,-1.428,1.1048,550.75,101.82,106.03,140.02,-,315.11,84.29,62.95,908.03,-
94,80.0,10.0,30.0,30.0,30.0,30.0,30.0,107.85,-0.2377,-5.2312,1.1815,0.0,0.17,0.26,314.35,159.2,175.38,-,-,158.87,54.6
95,80.0,0.0,10.0,10.0,10.0,10.0,10.0,124.65,0.5275,-1.3561,1.1025,-,54.38,0.31,-,159.2,344.34,84.29,84.63,158.87,111.14
96,70.0,10.0,10.0,10.0,10.0,10.0,20.0,121.03,0.3079,-1.4165,1.0667,0.0,133.79,-,-,159.2,151.42,-,194.79,158.87,49.16
97,100.0,10.0,20.0,20.0,20.0,20.0,20.0,325.31,0.9004,0.6639,1.0995,0.0,80.0,0.31,56.71,857.02,402.66,308.61,84.18,860.28,603.29
98,90.0,30.0,30.0,30.0,30.0,30.0,40.0,120.55,0.7588,-1.4429,1.1103,0.0,81.09,48.6,119.97,0.0,-,185.56,92.59,0.0,557.16
99,90.0,20.0,20.0,30.0,30.0,30.0,30.0,130.87,0.7726,-1.1843,1.183,0.0,-,51.34,125.0,255.06,194.02,185.56,14.35,0.0,352.51
100,90.0,10.0,20.0,30.0,40.0,40.0,40.0,99.38,0.7792,-1.285,1.15,0.0,28.47,0.31,125.0,255.06,18.67,84.29,-,258.0,124.62
101,90.0,0.0,0.0,10.0,10.0,10.0,20.0,248.61,0.7391,-1.1481,1.1311,914.36,-,206.07,160.48,296.67,18.67,84.29,49.69,298.0,209.24
102,90.0,0.0,0.0,0.0,0.0,0.0,0.0,233.35,0.7248,-1.2412,1.1022,327.61,89.79,389.68,-,279.35,59.54,406.7,87.82,280.42,179.22
103,50.0,10.0,10.0,10.0,30.0,30.0,30.0,187.39,-0.1656,-1.39,1.1421,0.0,28.8,-,28.42,-,-,746.49,133.23,-,-
104,100.0,20.0,20.0,30.0,40.0,40.0,50.0,81.54,1.0157,0.8507,1.1036,95.8,54.02,47.02,28.42,0.0,18.67,185.56,261.29,0.0,124.62
105,90.0,10.0,10.0,10.0,20.0,20.0,30.0,246.75,0.7214,-1.393,1.0876,723.38,67.12,159.31,28.42,-,312.98,746.49,133.85,0.0,49.16
106,90.0,30.0,30.0,30.0,40.0,40.0,40.0,102.2,0.772,-1.2474,1.0876,0.0,80.0,195.75,28.42,0.0,318.97,185.56,-,0.0,111.14
107,80.0,30.0,30.0,30.0,40.0,40.0,40.0,128.65,0.5638,-1.1481,1.0876,0.0,-,158.98,28.42,0.0,175.38,555.27,-,0.0,111.14
108,100.0,10.0,10.0,10.0,30.0,30.0,40.0,212.32,0.9654,0.6275,1.1453,0.0,28.62,93.43,28.42,614.6,368.46,185.56,41.27,618.05,144.84
109,100.0,0.0,0.0,0.0,10.0,20.0,30.0,241.02,0.9416,0.7336,1.102,567.07,80.0,48.56,28.42,424.12,281.82,84.29,71.45,785.31,39.21
110,70.0,20.0,20.0,20.0,20.0,30.0,30.0,207.67,0.288,-1.2937,1.0937,0.0,-,0.0,37.87,514.8,-,185.56,198.32,517.16,-
111,90.0,10.0,20.0,20.0,20.0,30.0,30.0,86.64,0.7851,-1.2329,1.0995,0.0,89.9,0.31,38.23,169.91,67.04,185.56,-,172.25,56.54
112,80.0,10.0,10.0,10.0,10.0,20.0,30.0,131.11,0.5569,-1.1925,1.1103,0.0,-,48.6,38.23,169.91,224.81,185.56,-,172.25,209.54
113,80.0,30.0,30.0,30.0,30.0,40.0,50.0,54.77,0.6119,-1.0944,1.073,0.0,-,47.17,38.23,0.0,110.67,185.56,-,0.0,56.54
114,70.0,20.0,30.0,30.0,40.0,40.0,50.0,51.93,0.3452,-1.3373,1.0876,95.8,-,4.6,28.42,0.0,-,185.56,-,0.0,49.16
115,90.0,30.0,40.0,40.0,50.0,50.0,60.0,48.58,0.8094,-1.2915,1.0876,0.0,-,4.6,28.42,0.0,102.23,185.56,67.27,0.0,49.16
116,70.0,30.0,40.0,40.0,50.0,50.0,60.0,37.64,-0.0066,-5.0304,1.0995,0.0,-,0.31,28.42,0.0,-,185.56,-,0.0,49.16
117,60.0,30.0,40.0,40.0,50.0,50.0,50.0,35.71,0.1242,-1.4025,1.0995,0.0,-,0.31,28.42,0.0,-,185.56,-,0.0,-
118,80.0,30.0,40.0,40.0,60.0,60.0,60.0,22.65,0.6023,-1.3887,1.1341,0.0,28.92,0.31,28.42,0.0,67.04,-,-,0.0,56.54
119,90.0,20.0,30.0,40.0,50.0,50.0,50.0,215.92,0.7624,-1.2258,1.1686,664.45,-,0.31,28.42,0.0,165.18,719.5,12.47,0.0,352.92
120,90.0,30.0,40.0,40.0,60.0,60.0,60.0,69.01,0.815,-1.1095,1.1341,0.0,28.92,0.31,28.42,0.0,122.34,185.56,-,0.0,255.58
121,90.0,30.0,40.0,50.0,70.0,70.0,70.0,164.58,0.8015,-1.14,1.1341,788.28,28.92,0.31,28.42,0.0,18.67,616.63,-,0.0,0.0
122,80.0,20.0,30.0,40.0,50.0,50.0,60.0,200.09,0.5697,-1.3781,1.1799,-,54.26,0.26,28.42,0.0,-,1454.28,16.3,0.0,47.22
123,90.0,20.0,30.0,30.0,40.0,40.0,40.0,154.26,0.7235,-1.3832,1.0995,-,54.26,0.31,28.42,0.0,354.82,185.56,249.8,0.0,515.16
124,100.0,30.0,50.0,60.0,70.0,70.0,70.0,46.18,1.0548,0.9576,1.1796,0.0,3.18,0.31,28.42,0.0,18.67,185.56,162.21,0.0,63.4
125,90.0,40.0,50.0,50.0,70.0,70.0,70.0,19.58,0.8472,-1.1633,1.1671,0.0,28.82,0.31,28.42,0.0,61.51,0.0,-,0.0,57.17
126,100.0,30.0,40.0,40.0,50.0,50.0,50.0,75.8,1.0225,0.8675,1.1796,0.0,3.18,195.75,28.42,0.0,163.84,127.85,51.28,0.0,187.7
127,90.0,30.0,30.0,40.0,50.0,50.0,50.0,139.11,0.7788,-1.3832,1.1799,-,130.19,105.99,28.42,0.0,102.23,868.87,16.3,0.0,0.0
128,100.0,30.0,40.0,70.0,90.0,90.0,90.0,17.07,1.0772,1.0317,1.1799,0.0,28.92,0.31,28.42,0.0,18.67,14.67,16.3,0.0,63.4
129,100.0,10.0,30.0,40.0,60.0,60.0,60.0,113.55,1.0382,0.8442,1.183,0.0,2.82,0.31,28.42,169.91,24.67,659.33,14.35,172.25,63.4
130,80.0,30.0,40.0,50.0,70.0,70.0,80.0,15.71,0.5962,-1.4333,1.1796,0.0,3.18,48.6,28.42,0.0,24.67,-,20.82,0.0,-
131,100.0,0.0,10.0,20.0,30.0,30.0,30.0,180.42,1.0072,0.856,1.183,452.13,3.18,188.13,28.42,169.91,68.3,644.1,14.35,172.25,63.4
132,100.0,0.0,10.0,20.0,40.0,40.0,40.0,183.22,0.9891,0.802,1.1823,179.72,24.95,0.26,28.42,169.91,221.89,686.17,16.3,172.25,332.36
133,100.0,10.0,20.0,30.0,40.0,40.0,40.0,290.48,0.9456,0.651,1.1799,0.0,110.77,0.26,28.42,891.23,68.3,686.17,16.3,848.43,254.95
134,90.0,10.0,20.0,30.0,40.0,40.0,40.0,106.72,0.8022,-1.1842,1.183,0.0,28.92,0.26,135.44,323.85,68.3,-,14.35,325.98,63.4
135,90.0,20.0,30.0,30.0,30.0,30.0,40.0,174.27,0.7473,-1.374,1.1403,0.0,54.24,0.31,0.0,502.79,310.76,225.81,50.86,-,423.7
136,100.0,30.0,40.0,50.0,70.0,70.0,70.0,130.12,1.0304,0.8265,1.1799,0.0,28.82,0.31,28.42,0.0,121.74,850.71,16.3,0.0,254.95
137,100.0,30.0,40.0,60.0,80.0,80.0,80.0,34.15,1.0758,0.9841,1.1799,0.0,28.82,0.31,28.42,0.0,18.67,185.56,16.3,0.0,63.4
138,90.0,30.0,40.0,40.0,60.0,60.0,70.0,61.63,0.7948,-1.3887,1.1676,0.0,24.18,0.31,28.42,0.0,157.79,-,41.14,0.0,302.8
139,100.0,30.0,40.0,40.0,40.0,40.0,50.0,148.9,1.0092,0.7195,1.1399,0.0,54.26,0.31,89.11,0.0,54.12,1078.18,41.14,0.0,171.84
140,70.0,40.0,40.0,40.0,40.0,40.0,40.0,83.69,0.3832,-1.1479,1.1178,0.0,-,174.94,0.0,0.0,124.34,-,-,0.0,286.56
141,90.0,30.0,30.0,50.0,60.0,60.0,70.0,32.1,0.8297,-1.3005,1.183,0.0,54.26,48.6,28.42,0.0,18.67,-,14.35,0.0,124.62
142,90.0,30.0,40.0,50.0,60.0,60.0,60.0,32.17,0.8227,-1.311,1.1059,0.0,54.58,0.31,28.42,0.0,18.67,-,62.95,0.0,124.62
143,100.0,30.0,40.0,40.0,50.0,50.0,60.0,100.35,1.0236,0.8438,1.1555,0.0,54.24,0.31,210.69,0.0,24.67,542.6,46.34,0.0,124.62
144,100.0,40.0,50.0,60.0,60.0,60.0,70.0,36.42,1.0563,0.9365,1.1555,0.0,54.26,0.26,0.0,0.0,18.67,120.1,46.34,0.0,124.62
145,90.0,20.0,30.0,40.0,40.0,40.0,50.0,71.14,0.8133,-1.2146,1.1403,271.45,54.24,0.31,-,0.0,18.67,120.1,50.86,0.0,124.62
146,90.0,20.0,30.0,40.0,40.0,40.0,50.0,75.5,0.8101,-1.2134,1.1555,95.8,54.26,0.26,339.59,0.0,18.67,-,46.34,0.0,124.62
147,90.0,20.0,20.0,20.0,30.0,30.0,50.0,56.33,0.8015,-1.4535,1.1399,95.8,54.26,48.6,28.42,0.0,59.54,-,41.14,0.0,179.22
148,100.0,20.0,20.0,20.0,30.0,30.0,40.0,143.4,0.9868,0.8044,1.1103,95.8,111.11,48.6,28.42,0.0,59.54,659.33,252.0,0.0,179.22
149,90.0,40.0,50.0,70.0,70.0,70.0,70.0,34.62,0.7566,-1.3356,1.1799,0.0,54.26,0.31,0.0,0.0,18.67,-,16.3,0.0,222.02
150,100.0,20.0,30.0,40.0,50.0,50.0,60.0,184.08,0.6325,-0.1094,1.0964,741.03,225.37,0.31,28.42,0.0,18.67,659.33,49.69,0.0,118.0
151,100.0,30.0,40.0,50.0,60.0,60.0,70.0,44.83,0.8298,0.3229,1.0964,178.93,54.26,0.31,28.42,0.0,18.67,0.0,49.69,0.0,118.0
152,100.0,30.0,40.0,50.0,70.0,70.0,80.0,49.77,0.8373,0.1793,1.0964,253.82,28.82,0.31,28.42,0.0,18.67,0.0,49.69,0.0,118.0
153,100.0,30.0,40.0,60.0,80.0,80.0,80.0,41.81,0.8805,0.1654,1.0964,262.22,28.82,0.31,28.42,0.0,18.67,0.0,16.3,0.0,63.4
154,100.0,30.0,50.0,60.0,70.0,70.0,80.0,41.95,0.8841,0.1654,1.1798,262.22,0.17,0.31,28.42,0.0,18.67,0.0,46.34,0.0,63.4
155,90.0,20.0,40.0,50.0,60.0,60.0,60.0,48.4,0.6044,-1.4535,1.1798,95.8,0.17,0.31,28.42,0.0,18.67,-,195.72,0.0,96.53
156,90.0,40.0,60.0,60.0,70.0,70.0,70.0,102.8,0.2377,-5.0857,1.1798,0.0,0.17,4.6,28.42,0.0,0.0,285.02,-,0.0,607.02
157,90.0,20.0,40.0,50.0,60.0,60.0,60.0,60.58,0.5988,-1.3379,1.1389,95.8,2.82,0.31,28.42,0.0,18.67,-,302.63,0.0,96.53
158,90.0,20.0,40.0,40.0,50.0,50.0,50.0,162.74,0.4836,-1.2742,1.1798,-,0.17,4.6,28.42,0.0,140.04,900.71,294.22,0.0,96.53
159,50.0,20.0,20.0,20.0,30.0,40.0,50.0,22.57,-0.1998,-1.3671,1.0333,-,38.34,-,28.42,0.0,-,-,46.09,0.0,-
160,50.0,30.0,30.0,30.0,30.0,30.0,40.0,66.22,-0.2341,-1.3693,1.0333,0.0,-,-,-,0.0,-,285.02,46.09,0.0,-
161,70.0,20.0,30.0,40.0,50.0,50.0,50.0,46.2,0.2345,-1.236,1.1798,96.43,0.17,-,28.42,0.0,12.83,185.56,-,0.0,-
162,70.0,20.0,20.0,20.0,40.0,40.0,50.0,69.7,0.1269,-1.4333,1.0333,262.22,28.29,-,28.42,0.0,-,127.85,41.14,0.0,-
163,90.0,20.0,40.0,50.0,60.0,60.0,60.0,105.58,0.5356,-1.3832,1.1798,-,0.17,0.31,28.42,0.0,12.83,388.44,242.33,0.0,277.69
164,40.0,0.0,10.0,10.0,20.0,20.0,20.0,86.66,-1.6021,-4.9544,1.1798,-,0.17,-,28.42,159.2,-,-,-,158.87,-
165,70.0,20.0,20.0,30.0,50.0,50.0,50.0,31.8,0.1895,-1.4376,1.0333,-,28.29,-,28.42,0.0,18.67,84.29,62.95,0.0,-
166,50.0,20.0,20.0,30.0,30.0,30.0,30.0,41.52,-0.2303,-1.3846,1.0333,96.43,92.48,-,-,0.0,18.67,-,-,0.0,-
167,40.0,20.0,30.0,30.0,30.0,30.0,30.0,321.58,-0.4513,-1.3386,1.1798,-,0.17,-,-,0.0,-,1286.15,-,0.0,-
168,70.0,20.0,30.0,30.0,30.0,30.0,30.0,172.63,-0.0174,-1.3824,1.1798,-,0.17,372.24,-,0.0,254.43,-,332.81,0.0,248.74
169,50.0,30.0,30.0,30.0,30.0,30.0,30.0,150.75,-0.9851,-4.9841,1.0333,0.0,-,-,70.44,0.0,-,683.32,-,0.0,-
170,80.0,20.0,20.0,20.0,20.0,30.0,30.0,152.66,-0.1663,-4.9841,1.0333,608.77,85.24,195.75,35.77,0.0,175.66,120.1,-,0.0,-
171,80.0,20.0,20.0,20.0,20.0,20.0,20.0,176.18,-0.1977,-4.9206,1.0333,784.04,85.24,195.75,106.33,0.0,-,120.1,-,0.0,118.0
172,80.0,20.0,20.0,20.0,20.0,20.0,30.0,75.39,0.2529,-1.3812,1.0333,95.8,85.24,-,106.33,0.0,156.32,-,112.18,0.0,47.22
173,50.0,20.0,20.0,20.0,20.0,20.0,20.0,68.08,-0.2871,-1.4161,1.0333,95.8,85.24,159.36,-,0.0,-,-,-,0.0,-
174,80.0,20.0,20.0,30.0,30.0,30.0,30.0,72.12,0.296,-1.4161,1.0333,95.8,54.26,-,65.83,0.0,18.67,-,279.02,0.0,63.4
175,30.0,0.0,0.0,0.0,0.0,0.0,0.0,134.44,-0.7414,-1.2966,0.5211,-,85.24,-,-,159.2,-,-,-,158.87,-
176,60.0,0.0,0.0,0.0,0.0,0.0,0.0,123.75,-0.6035,-4.9333,0.7245,95.8,54.26,-,-,96.4,-,120.1,279.02,96.9,-
177,50.0,0.0,0.0,0.0,10.0,10.0,10.0,101.86,-0.3731,-1.418,0.9665,95.8,64.48,-,-,159.2,-,-,30.96,158.87,-
178,80.0,20.0,20.0,20.0,30.0,30.0,40.0,86.08,0.283,-1.4473,1.0333,262.22,54.26,206.07,28.42,0.0,-,-,41.14,0.0,96.53
179,80.0,20.0,20.0,20.0,20.0,20.0,20.0,181.06,0.2094,-1.4003,1.0333,95.8,54.26,-,70.44,0.0,-,950.5,67.27,0.0,210.18
180,60.0,20.0,20.0,20.0,20.0,20.0,30.0,66.9,-0.0912,-1.4165,1.0333,95.8,54.26,-,-,0.0,-,-,41.14,0.0,210.18
181,50.0,20.0,20.0,20.0,20.0,20.0,20.0,178.61,-0.4839,-1.485,1.0333,-,313.72,206.07,-,0.0,-,-,373.24,0.0,-
182,70.0,20.0,20.0,20.0,40.0,40.0,50.0,125.66,0.0457,-1.4509,1.0333,-,28.29,434.65,28.42,0.0,-,-,41.14,0.0,347.11
183,70.0,20.0,20.0,20.0,30.0,30.0,30.0,134.8,-0.0481,-1.485,1.0333,-,255.59,206.07,28.42,0.0,-,-,253.5,0.0,200.0
184,90.0,20.0,20.0,20.0,30.0,30.0,40.0,90.54,0.4495,-1.3096,1.0333,179.72,28.29,206.07,-,0.0,121.54,120.1,41.14,0.0,118.0
185,60.0,20.0,20.0,20.0,20.0,30.0,30.0,54.27,-0.0901,-1.4211,1.0333,95.8,142.28,-,-,0.0,-,-,32.91,0.0,54.6
186,90.0,20.0,20.0,30.0,40.0,40.0,40.0,65.36,0.5108,-1.3314,1.0397,95.8,28.29,-,152.63,0.0,156.32,84.29,16.3,0.0,54.6
187,80.0,20.0,30.0,30.0,50.0,50.0,50.0,56.71,0.0205,-4.9758,1.0644,-,28.29,206.07,28.42,0.0,7.4,120.1,-,0.0,63.4
188,70.0,20.0,20.0,30.0,30.0,30.0,30.0,62.9,0.1379,-1.3619,1.0333,178.93,54.26,-,137.82,0.0,-,14.67,-,0.0,54.6
189,60.0,20.0,30.0,30.0,40.0,50.0,50.0,21.73,0.0225,-1.4639,1.0644,-,31.18,-,28.42,0.0,7.4,-,-,0.0,63.4
190,40.0,0.0,0.0,0.0,0.0,10.0,10.0,163.31,-0.6104,-1.4248,0.7808,-,-,-,35.77,-,115.45,434.74,67.27,-,-
191,80.0,0.0,0.0,0.0,20.0,20.0,20.0,241.81,0.1007,-1.4639,0.9326,-,28.29,260.61,28.42,719.43,59.54,-,67.27,716.32,54.6
192,70.0,20.0,20.0,20.0,20.0,20.0,30.0,104.84,-0.3234,-4.9302,1.0333,-,84.79,-,185.02,0.0,-,349.59,67.27,0.0,47.22
193,70.0,20.0,20.0,20.0,20.0,20.0,20.0,108.7,-0.347,-4.9302,1.0333,-,84.79,53.85,-,0.0,-,224.34,67.27,0.0,330.68
194,100.0,40.0,40.0,40.0,50.0,50.0,50.0,68.96,0.735,0.2416,1.1328,179.72,80.98,108.87,28.42,0.0,0.0,224.34,67.27,0.0,0.0
195,90.0,40.0,50.0,50.0,50.0,50.0,50.0,48.24,0.5732,-1.4148,1.1178,95.8,114.0,4.6,0.0,0.0,152.46,-,67.27,0.0,0.0
196,90.0,20.0,30.0,30.0,30.0,40.0,50.0,61.2,0.5151,-1.4148,1.0885,179.72,54.26,0.26,38.23,0.0,161.93,-,67.27,0.0,49.16
197,90.0,20.0,30.0,30.0,30.0,40.0,50.0,61.52,0.5144,-1.4148,1.0885,179.72,57.12,0.26,38.23,0.0,161.93,-,67.27,0.0,49.16
198,90.0,20.0,20.0,20.0,40.0,40.0,50.0,113.2,0.4355,-1.3256,1.0333,364.0,28.29,-,28.42,0.0,61.61,120.1,367.24,0.0,49.16
199,70.0,10.0,10.0,10.0,10.0,20.0,20.0,104.42,-0.0072,-1.4165,1.0635,95.8,31.18,-,192.9,159.2,93.0,-,-,158.87,0.0
200,70.0,20.0,30.0,30.0,30.0,40.0,50.0,76.32,0.1314,-1.3831,1.0964,179.72,31.18,0.31,-,0.0,-,-,273.85,0.0,49.16
201,60.0,0.0,10.0,10.0,10.0,10.0,10.0,214.78,-0.2483,-1.297,1.0885,95.8,-,0.26,-,159.2,-,666.83,-,158.87,207.75
202,90.0,20.0,20.0,20.0,20.0,20.0,30.0,125.61,0.4,-1.2185,1.0333,179.72,-,159.36,53.33,0.0,522.24,120.1,41.14,0.0,54.6
203,80.0,0.0,0.0,0.0,0.0,0.0,0.0,233.34,-0.0202,-1.2999,0.5377,95.8,-,105.99,-,159.2,291.3,552.04,344.94,158.87,158.62
204,70.0,20.0,30.0,30.0,30.0,30.0,50.0,32.12,0.2023,-1.4639,1.1798,-,0.17,48.3,-,0.0,71.82,-,41.14,0.0,63.4
205,70.0,0.0,0.0,0.0,0.0,0.0,0.0,186.93,-0.4964,-5.032,0.7245,95.8,54.26,329.06,-,159.2,444.04,-,67.27,158.87,-
206,60.0,20.0,20.0,20.0,30.0,30.0,50.0,30.03,-0.0331,-1.5154,1.0333,-,28.29,-,-,0.0,61.61,-,41.14,0.0,49.16
207,90.0,30.0,40.0,40.0,40.0,40.0,60.0,75.48,0.5281,-1.4238,1.1178,277.53,54.26,0.31,0.0,0.0,256.91,-,41.14,0.0,49.16
208,100.0,30.0,40.0,40.0,40.0,40.0,40.0,92.95,0.6599,0.1482,1.1178,96.43,54.26,0.31,0.0,0.0,216.85,224.34,194.07,0.0,143.23
209,90.0,40.0,40.0,40.0,40.0,40.0,40.0,144.53,0.4544,-1.306,1.1178,277.53,80.98,0.0,0.0,0.0,164.68,714.21,-,0.0,63.4
210,70.0,30.0,30.0,30.0,30.0,40.0,40.0,64.48,0.1425,-1.3398,1.0937,-,34.66,0.0,-,0.0,79.92,-,273.35,0.0,63.4
211,70.0,20.0,30.0,30.0,40.0,40.0,60.0,40.56,0.1767,-1.4814,1.0964,-,28.29,0.31,-,0.0,165.02,-,41.14,0.0,49.16
212,100.0,30.0,40.0,40.0,40.0,40.0,60.0,105.97,0.6622,-0.0343,1.1178,179.72,114.0,0.26,0.0,0.0,325.85,349.59,41.14,0.0,49.16
213,90.0,20.0,20.0,20.0,40.0,40.0,60.0,210.48,0.4153,-1.341,1.0333,800.08,28.29,-,28.42,0.0,165.02,782.2,41.14,0.0,49.16
214,80.0,20.0,30.0,30.0,40.0,40.0,60.0,62.96,0.3312,-1.4902,1.0964,-,28.29,0.31,160.48,0.0,-,224.34,41.14,0.0,49.16
215,70.0,20.0,30.0,40.0,50.0,50.0,60.0,45.01,0.2082,-1.4023,1.0964,-,24.95,0.31,-,0.0,-,224.34,16.3,0.0,49.16
216,80.0,20.0,30.0,30.0,30.0,30.0,30.0,132.38,0.2054,-1.3327,1.0964,179.72,60.83,0.31,-,0.0,483.54,224.34,110.31,0.0,-
217,80.0,20.0,20.0,30.0,40.0,40.0,40.0,200.48,0.1687,-1.3598,1.0333,676.01,28.82,159.36,231.95,0.0,-,486.85,20.82,0.0,-
218,90.0,20.0,20.0,30.0,40.0,40.0,50.0,218.14,0.3741,-1.3652,1.0333,781.91,28.82,48.6,53.33,0.0,418.8,611.01,20.82,0.0,-
219,90.0,20.0,40.0,50.0,50.0,50.0,60.0,130.03,0.5396,-1.3285,1.1798,421.47,0.17,0.31,58.16,0.0,-,624.67,16.3,0.0,49.16
220,70.0,20.0,30.0,30.0,40.0,40.0,50.0,48.5,-0.2109,-4.9333,1.043,-,160.28,4.6,28.42,0.0,-,-,49.69,0.0,96.53
221,60.0,20.0,30.0,40.0,40.0,40.0,40.0,91.06,-0.1041,-1.5696,1.0885,262.22,-,0.26,-,0.0,-,-,16.3,0.0,267.6
222,50.0,20.0,20.0,30.0,40.0,40.0,40.0,39.73,-0.2566,-1.45,1.0333,-,28.82,149.0,-,0.0,-,-,20.82,0.0,-
223,100.0,20.0,20.0,30.0,40.0,40.0,50.0,254.03,0.5179,-0.1822,1.0333,700.27,24.95,342.23,388.62,0.0,71.82,942.47,20.82,0.0,49.16
224,90.0,20.0,20.0,30.0,30.0,30.0,50.0,219.72,0.3815,-1.2981,1.0464,612.0,11.23,-,353.08,0.0,71.82,839.06,41.14,0.0,49.16
225,70.0,20.0,20.0,20.0,20.0,20.0,20.0,129.47,-0.0449,-1.4692,1.0333,-,224.13,195.75,-,0.0,114.75,-,251.15,0.0,120.53
226,70.0,20.0,20.0,20.0,20.0,20.0,20.0,137.58,-0.0684,-1.4569,1.0333,-,224.13,159.36,-,0.0,207.86,-,251.15,0.0,120.53
227,80.0,20.0,40.0,40.0,50.0,50.0,50.0,61.57,0.359,-1.4139,1.1389,-,2.82,0.31,28.42,0.0,163.84,-,240.65,0.0,56.54
228,100.0,30.0,50.0,50.0,50.0,50.0,50.0,128.88,0.6649,0.0057,1.1798,421.47,0.17,0.26,58.16,0.0,148.34,392.69,267.69,0.0,0.0
229,80.0,20.0,30.0,30.0,40.0,40.0,40.0,246.34,0.1498,-1.4041,1.0964,596.59,182.15,0.31,28.42,0.0,-,392.69,-,0.0,770.59
230,100.0,20.0,40.0,40.0,50.0,50.0,50.0,122.83,0.6695,0.005,1.1389,179.09,2.82,0.31,28.42,0.0,72.82,549.71,205.99,0.0,189.18
231,90.0,20.0,40.0,50.0,50.0,50.0,60.0,74.27,0.5664,-1.3812,1.1389,-,2.82,0.31,71.23,0.0,131.36,392.69,20.82,0.0,49.16
232,70.0,20.0,30.0,30.0,30.0,30.0,40.0,103.8,0.1023,-1.3598,1.1488,179.09,3.18,48.6,62.09,0.0,-,433.61,-,0.0,-
233,80.0,20.0,30.0,30.0,30.0,30.0,40.0,90.36,0.2846,-1.5037,1.1488,-,3.18,48.6,96.39,0.0,-,392.69,118.64,0.0,63.4
234,90.0,20.0,30.0,30.0,30.0,30.0,30.0,242.26,0.2966,-1.2593,1.1488,793.14,3.18,195.75,280.0,0.0,160.81,626.93,-,0.0,120.53
235,70.0,20.0,30.0,40.0,40.0,40.0,40.0,45.75,0.1975,-1.3758,1.0644,179.72,64.19,-,-,0.0,7.4,-,14.35,0.0,54.6
236,90.0,20.0,30.0,40.0,40.0,40.0,40.0,56.47,0.5498,-1.3758,1.0644,179.72,64.19,106.03,71.23,0.0,7.4,-,16.3,0.0,63.4
237,80.0,20.0,30.0,30.0,40.0,40.0,40.0,134.76,0.3104,-1.4076,1.1389,780.46,2.82,149.0,28.42,0.0,-,-,54.0,0.0,63.4
238,90.0,20.0,40.0,50.0,60.0,60.0,60.0,105.69,0.5984,-1.4076,1.1389,780.46,2.82,0.31,28.42,0.0,59.54,-,16.3,0.0,63.4
239,100.0,20.0,30.0,40.0,50.0,50.0,50.0,110.03,0.7183,-0.0451,1.1798,179.72,0.17,159.36,28.42,0.0,59.54,593.42,16.3,0.0,63.4
240,100.0,20.0,40.0,50.0,60.0,60.0,60.0,103.78,0.752,-0.0451,1.1798,179.72,0.17,149.0,28.42,0.0,7.4,593.42,16.3,0.0,63.4
241,100.0,20.0,30.0,40.0,50.0,50.0,50.0,185.25,0.6317,-0.1308,1.1798,179.72,0.17,159.36,28.42,0.0,415.08,998.85,16.3,0.0,54.6
242,100.0,0.0,10.0,20.0,20.0,20.0,20.0,107.51,0.6096,0.0057,1.0885,421.47,55.52,0.26,53.42,83.69,221.76,84.29,16.3,83.75,54.6
243,100.0,30.0,40.0,50.0,60.0,60.0,60.0,78.48,0.7546,0.0724,1.1798,348.07,0.17,0.0,28.42,83.69,219.88,0.0,20.82,83.75,0.0
244,100.0,10.0,20.0,20.0,30.0,30.0,30.0,166.88,0.6008,-0.1167,1.0635,95.8,52.22,4.6,28.42,171.83,93.0,983.91,67.27,171.7,0.0
245,100.0,10.0,10.0,30.0,40.0,40.0,50.0,86.62,0.6552,0.1511,1.0635,144.46,17.05,46.76,28.42,171.83,185.35,84.29,16.3,171.7,0.0
246,90.0,0.0,0.0,10.0,30.0,30.0,40.0,95.64,0.4245,-1.3684,0.9924,144.46,28.92,195.75,28.42,83.69,-,225.81,20.82,83.75,49.16
247,40.0,0.0,10.0,10.0,10.0,10.0,10.0,157.78,-0.639,-1.4269,1.0997,179.72,244.06,-,-,-,197.7,-,9.66,-,-
248,70.0,0.0,0.0,0.0,10.0,10.0,20.0,227.71,-0.0688,-1.373,0.8663,595.28,47.76,195.75,28.42,-,65.53,606.61,-,-,54.6
249,50.0,0.0,0.0,10.0,10.0,10.0,20.0,78.0,-0.3439,-1.4452,0.9924,-,52.44,195.75,-,-,71.82,-,20.82,-,49.16
250,70.0,0.0,0.0,10.0,10.0,10.0,10.0,81.49,0.0724,-1.3573,1.0397,179.72,-,106.03,-,71.06,71.82,-,16.3,70.92,54.6
251,100.0,20.0,20.0,20.0,40.0,50.0,60.0,76.3,0.7183,0.2478,1.0333,179.72,29.16,159.36,28.42,0.0,61.61,218.17,37.42,0.0,49.16
252,90.0,20.0,20.0,20.0,30.0,30.0,30.0,73.04,0.485,-1.1534,1.0333,95.8,-,93.43,28.42,0.0,197.7,120.1,67.27,0.0,54.6
253,70.0,20.0,20.0,20.0,30.0,30.0,30.0,111.06,0.0898,-1.4015,1.0333,96.43,-,-,28.42,0.0,-,84.29,67.27,0.0,501.01
254,80.0,30.0,30.0,30.0,30.0,30.0,30.0,57.21,0.3382,-1.3651,1.0333,179.72,85.24,-,70.87,0.0,-,0.0,67.27,0.0,54.6
255,100.0,30.0,40.0,40.0,50.0,60.0,60.0,69.94,0.7898,0.1552,1.1798,179.72,0.17,331.74,28.42,0.0,71.82,0.0,32.91,0.0,54.6
256,90.0,20.0,30.0,30.0,40.0,50.0,50.0,133.77,0.4782,-1.1679,1.1798,179.72,0.17,-,28.42,0.0,331.97,120.1,32.91,0.0,510.64
257,80.0,20.0,20.0,20.0,20.0,30.0,40.0,79.35,0.2794,-1.4473,1.0333,262.22,59.15,159.36,-,0.0,67.51,-,37.42,0.0,49.16
258,80.0,20.0,20.0,20.0,20.0,30.0,30.0,124.56,0.177,-1.3337,1.0333,179.72,109.52,-,234.79,0.0,-,224.34,32.91,0.0,215.2
259,100.0,20.0,30.0,40.0,50.0,50.0,50.0,126.77,0.644,-0.0013,1.1798,179.72,0.17,471.79,28.42,0.0,124.34,224.34,16.3,0.0,222.58
260,100.0,20.0,40.0,50.0,60.0,60.0,60.0,76.04,0.7635,0.2336,1.1798,179.72,0.17,240.63,28.42,0.0,7.4,224.34,16.3,0.0,63.4
261,90.0,20.0,40.0,40.0,50.0,50.0,50.0,114.05,0.5117,-1.2841,1.1798,501.59,0.17,0.31,28.42,0.0,-,224.34,63.87,0.0,207.75
262,70.0,20.0,30.0,30.0,40.0,40.0,40.0,70.93,0.149,-1.2907,1.1798,179.72,0.17,-,28.42,0.0,-,224.34,63.87,0.0,-
263,100.0,20.0,40.0,50.0,60.0,60.0,60.0,60.38,0.8038,0.2416,1.1798,179.09,0.17,93.43,28.42,0.0,7.4,224.34,16.3,0.0,54.6
264,100.0,20.0,30.0,40.0,50.0,50.0,60.0,62.05,0.7692,0.2963,1.146,179.09,2.51,159.36,28.42,0.0,65.53,120.1,16.3,0.0,49.16
265,90.0,20.0,30.0,30.0,30.0,30.0,30.0,82.15,0.4969,-1.2864,1.0997,179.72,79.64,58.89,-,0.0,71.82,285.02,9.66,0.0,54.6
266,100.0,20.0,40.0,50.0,60.0,60.0,80.0,45.15,0.8428,0.2963,1.146,179.09,2.51,48.56,28.42,0.0,7.4,120.1,16.3,0.0,49.16
267,100.0,20.0,40.0,50.0,60.0,60.0,70.0,66.49,0.7906,0.2416,1.1798,179.72,0.17,159.36,28.42,0.0,7.4,224.34,16.3,0.0,49.16
268,90.0,30.0,50.0,50.0,50.0,60.0,60.0,40.13,0.6359,-1.4165,1.1798,179.72,0.17,0.0,38.09,0.0,7.4,-,81.17,0.0,54.6
269,100.0,30.0,40.0,40.0,50.0,50.0,60.0,61.69,0.7696,0.2421,1.1798,179.72,0.17,0.0,28.42,0.0,59.54,120.1,49.69,0.0,179.22
270,90.0,20.0,20.0,30.0,30.0,30.0,30.0,93.93,0.4497,-1.2864,1.0397,179.72,64.19,297.15,-,0.0,115.45,84.29,16.3,0.0,88.3
271,90.0,30.0,30.0,40.0,40.0,40.0,60.0,53.26,0.597,-1.1855,1.1178,179.72,-,48.56,0.0,0.0,65.53,120.1,16.3,0.0,49.16
272,100.0,30.0,40.0,50.0,60.0,60.0,60.0,79.34,0.7725,0.205,1.1798,179.72,0.17,289.81,28.42,0.0,0.0,224.34,16.3,0.0,54.6
273,100.0,30.0,50.0,60.0,80.0,80.0,80.0,79.5,0.8455,-0.0113,1.1798,501.59,0.17,0.31,28.42,0.0,23.83,224.34,16.3,0.0,0.0
274,90.0,20.0,30.0,30.0,40.0,40.0,60.0,47.92,0.5898,-1.4473,1.1798,179.09,0.17,48.6,28.42,0.0,71.82,-,54.0,0.0,49.16
275,100.0,20.0,30.0,30.0,40.0,40.0,40.0,112.95,0.6826,0.0508,1.1798,411.55,0.17,159.36,28.42,0.0,71.82,349.59,54.0,0.0,54.6
276,100.0,20.0,40.0,40.0,50.0,50.0,70.0,105.53,0.7313,0.0508,1.1798,411.55,0.17,159.36,28.42,0.0,7.4,349.59,49.69,0.0,49.16
277,90.0,20.0,20.0,20.0,20.0,20.0,30.0,80.8,0.4734,-1.1628,1.0333,179.09,-,159.36,53.33,0.0,61.61,120.1,104.59,0.0,49.16
278,100.0,20.0,40.0,50.0,60.0,60.0,70.0,56.45,0.8055,0.2963,1.1798,179.09,0.17,159.36,28.42,0.0,7.4,120.1,20.82,0.0,49.16
279,100.0,20.0,30.0,40.0,40.0,40.0,60.0,69.84,0.7603,0.2963,1.1798,179.09,0.17,48.56,0.0,171.83,61.61,0.0,16.3,171.7,49.16
280,100.0,10.0,30.0,40.0,50.0,50.0,70.0,49.65,0.8113,0.2963,1.1798,179.09,0.17,48.56,28.42,83.69,7.4,0.0,16.3,83.75,49.16
281,90.0,0.0,0.0,10.0,10.0,10.0,20.0,100.11,0.3891,-1.1953,1.0397,179.72,74.75,48.56,-,171.83,99.28,84.29,16.3,171.7,54.6
282,100.0,20.0,40.0,50.0,60.0,60.0,60.0,58.7,0.804,0.2948,1.1798,179.72,0.17,106.03,28.42,0.0,7.4,185.56,16.3,0.0,63.4
283,90.0,0.0,10.0,20.0,30.0,30.0,40.0,96.51,0.4539,-1.2043,1.0644,179.72,28.82,159.36,-,171.83,7.4,84.29,16.3,171.7,49.16
284,90.0,20.0,30.0,40.0,40.0,40.0,40.0,73.83,0.5416,-1.2043,1.0644,179.09,53.34,159.36,-,0.0,7.4,185.56,16.3,0.0,63.4
285,100.0,30.0,30.0,40.0,40.0,40.0,40.0,125.87,0.6645,-0.0385,1.1328,507.93,67.83,338.22,88.23,0.0,0.0,185.56,16.3,0.0,54.6
286,60.0,0.0,10.0,20.0,20.0,20.0,20.0,94.0,-0.1354,-1.4473,1.1488,262.22,3.18,159.36,-,-,59.54,-,16.3,-,63.4
287,100.0,30.0,60.0,70.0,80.0,80.0,80.0,72.56,0.8669,-0.0039,1.1798,179.09,0.17,0.31,28.42,0.0,7.4,493.96,16.3,0.0,0.0
288,100.0,30.0,40.0,50.0,50.0,50.0,50.0,68.03,0.7546,0.2948,1.0937,179.72,148.46,0.0,88.23,0.0,7.4,185.56,16.3,0.0,54.6
289,90.0,0.0,0.0,20.0,20.0,20.0,30.0,86.51,0.4489,-1.275,1.0397,179.72,18.38,47.4,-,83.69,109.16,185.56,16.3,83.75,54.6
290,90.0,40.0,50.0,60.0,70.0,70.0,70.0,25.75,0.6947,-1.4165,1.1798,95.8,0.17,0.0,28.42,0.0,93.0,-,14.35,0.0,0.0
291,100.0,20.0,50.0,60.0,70.0,70.0,70.0,56.83,0.8408,0.2704,1.1389,230.92,2.82,0.31,28.42,0.0,7.4,185.56,16.3,0.0,96.53
292,100.0,20.0,40.0,60.0,70.0,70.0,70.0,52.87,0.8324,0.2948,1.1488,179.72,3.18,0.31,28.42,0.0,18.67,185.56,16.3,0.0,96.53
293,100.0,20.0,30.0,40.0,40.0,50.0,50.0,81.19,0.7271,0.2268,1.146,179.72,2.51,51.34,38.25,0.0,59.54,285.02,16.3,0.0,179.22
294,90.0,20.0,20.0,30.0,30.0,30.0,40.0,99.43,0.466,-1.1802,1.0397,179.09,-,48.56,127.17,0.0,59.54,285.02,16.3,0.0,179.22
295,90.0,30.0,50.0,60.0,70.0,70.0,70.0,60.89,0.6565,-1.4165,1.1488,436.42,3.18,0.26,28.42,0.0,0.0,-,16.3,0.0,63.4
296,90.0,20.0,30.0,40.0,40.0,40.0,40.0,105.5,0.4829,-1.192,1.0644,179.09,-,291.96,106.33,0.0,7.4,285.02,16.3,0.0,63.4
297,100.0,20.0,40.0,50.0,60.0,70.0,70.0,102.93,0.7973,-0.0248,1.0885,179.09,31.18,0.26,28.42,0.0,7.4,703.22,16.3,0.0,63.4
298,100.0,20.0,40.0,50.0,60.0,60.0,70.0,69.41,0.8008,0.1331,1.1488,179.09,3.18,46.76,28.42,0.0,7.4,349.59,16.3,0.0,63.4
299,100.0,30.0,40.0,50.0,70.0,70.0,70.0,122.21,0.7969,-0.0911,1.0885,179.72,52.22,0.26,28.42,0.0,23.83,921.34,16.3,0.0,0.0
300,100.0,30.0,40.0,50.0,70.0,70.0,70.0,133.21,0.7731,-0.1308,1.0885,179.72,84.71,0.26,28.42,0.0,23.83,998.85,16.3,0.0,0.0
301,100.0,50.0,60.0,70.0,80.0,80.0,80.0,41.02,0.9072,0.2948,1.1798,179.72,0.17,0.0,28.42,0.0,0.0,185.56,16.3,0.0,0.0
302,100.0,20.0,30.0,40.0,50.0,50.0,70.0,57.35,0.799,0.2948,1.1798,179.72,0.17,48.6,28.42,0.0,65.53,185.56,16.3,0.0,49.16
303,100.0,20.0,30.0,40.0,50.0,50.0,60.0,52.01,0.8054,0.2963,1.1798,179.09,0.17,106.03,23.42,0.0,61.61,84.29,16.3,0.0,49.16
304,100.0,20.0,30.0,40.0,50.0,50.0,50.0,77.2,0.7496,0.1385,1.1798,96.43,0.17,318.65,28.42,0.0,71.82,185.56,16.3,0.0,54.6
305,100.0,20.0,50.0,60.0,70.0,70.0,70.0,74.62,0.8435,-0.0043,1.1798,518.91,0.17,0.26,28.42,0.0,7.4,120.1,16.3,0.0,54.6
306,100.0,30.0,60.0,70.0,80.0,80.0,80.0,79.58,0.8614,-0.0043,1.1798,518.91,0.17,0.31,28.42,0.0,7.4,224.34,16.3,0.0,0.0
307,90.0,20.0,30.0,40.0,50.0,50.0,70.0,135.56,0.5528,-1.1115,1.0644,845.84,-,48.6,28.42,0.0,7.4,224.34,16.3,0.0,49.16
308,100.0,20.0,30.0,30.0,40.0,50.0,80.0,73.79,0.7569,0.1374,1.0644,296.14,38.34,48.6,28.42,0.0,7.4,224.34,45.48,0.0,49.16
309,100.0,0.0,0.0,10.0,20.0,20.0,40.0,104.51,0.5701,0.1418,0.9924,179.72,28.82,106.03,43.06,171.83,189.66,84.29,20.82,171.7,49.16
310,90.0,20.0,30.0,30.0,40.0,40.0,40.0,57.38,0.5554,-1.219,1.0644,179.09,-,51.36,28.42,0.0,7.4,84.29,69.3,0.0,96.53
311,100.0,30.0,40.0,50.0,60.0,70.0,70.0,32.58,0.8729,0.5214,1.0937,96.43,38.34,0.0,28.42,0.0,7.4,84.29,16.3,0.0,54.6
312,80.0,20.0,30.0,30.0,40.0,40.0,50.0,53.72,0.4083,-1.1044,1.0644,96.43,-,48.56,28.42,0.0,7.4,185.56,-,0.0,63.4
313,100.0,20.0,30.0,30.0,30.0,30.0,40.0,60.39,0.735,0.4363,1.0644,96.43,64.48,48.56,117.09,0.0,7.4,120.1,86.41,0.0,63.4
314,80.0,10.0,10.0,30.0,40.0,40.0,50.0,47.65,0.3692,-1.373,1.0381,96.43,15.03,106.03,28.21,-,65.53,0.0,20.82,-,49.16
315,100.0,30.0,60.0,70.0,80.0,80.0,80.0,29.54,0.9208,0.3931,1.1798,96.43,0.17,4.6,28.42,0.0,7.4,0.0,16.3,0.0,142.08
316,100.0,20.0,40.0,50.0,60.0,60.0,60.0,48.85,0.8193,0.272,1.1798,96.43,0.17,0.31,28.42,83.69,179.41,0.0,16.3,83.75,0.0
317,100.0,20.0,20.0,30.0,50.0,50.0,50.0,71.41,0.7194,0.1545,1.0937,96.43,28.82,0.0,28.42,83.69,121.74,0.0,16.3,83.75,254.95
318,100.0,40.0,40.0,50.0,50.0,50.0,50.0,46.12,0.8116,0.4216,1.1178,96.43,59.27,0.0,0.0,83.69,121.74,0.0,16.3,83.75,0.0
319,100.0,20.0,20.0,30.0,50.0,50.0,60.0,48.29,0.7861,0.4216,1.0937,71.06,28.82,0.0,28.42,83.69,121.74,0.0,16.3,83.75,49.16
320,80.0,30.0,40.0,40.0,60.0,60.0,70.0,23.74,0.4602,-1.4333,1.0964,83.69,28.11,0.31,28.42,0.0,-,0.0,49.36,0.0,-
321,100.0,10.0,20.0,20.0,40.0,50.0,60.0,51.66,0.7763,0.4216,1.0885,96.43,25.29,0.26,23.42,83.69,121.74,0.0,32.91,83.75,49.16
322,100.0,10.0,10.0,10.0,20.0,20.0,20.0,85.71,0.6197,0.2526,1.0333,83.69,58.35,159.36,28.21,83.69,71.64,0.0,100.43,83.75,187.95
323,100.0,30.0,40.0,50.0,80.0,80.0,80.0,25.81,0.9092,0.5214,1.0885,96.43,28.65,0.26,28.42,0.0,24.67,0.0,16.3,0.0,63.4
324,100.0,50.0,50.0,60.0,80.0,80.0,80.0,39.4,0.8802,0.1892,1.0937,96.43,28.65,0.0,28.42,0.0,224.17,0.0,16.3,0.0,0.0
325,100.0,10.0,20.0,30.0,50.0,50.0,50.0,51.06,0.7777,0.4216,1.0964,96.43,28.69,0.31,23.42,83.69,121.74,0.0,16.05,83.75,56.54
326,100.0,10.0,20.0,40.0,50.0,50.0,50.0,47.11,0.7962,0.4216,1.0885,71.06,26.16,0.26,13.51,83.69,121.74,0.0,16.3,83.75,54.6
327,100.0,60.0,80.0,80.0,90.0,90.0,90.0,10.93,1.0141,0.605,1.1798,71.06,0.17,0.0,28.42,0.0,0.0,0.0,9.66,0.0,0.0
328,100.0,10.0,20.0,30.0,40.0,40.0,40.0,57.11,0.7368,0.4216,1.0964,83.69,28.69,0.31,89.79,83.69,121.74,0.0,16.05,83.75,63.4
329,100.0,20.0,30.0,40.0,40.0,40.0,40.0,70.02,0.7253,0.3524,1.0964,71.06,59.16,0.31,141.81,171.83,68.3,0.0,16.05,171.7,0.0
330,100.0,20.0,20.0,30.0,30.0,30.0,30.0,96.64,0.6478,0.01,1.0937,71.06,59.16,0.0,351.74,171.83,68.3,0.0,16.05,171.7,56.54
331,100.0,30.0,50.0,60.0,70.0,70.0,70.0,37.6,0.8717,0.2738,1.1519,83.69,3.05,4.6,28.42,0.0,183.64,0.0,16.05,0.0,56.54
332,100.0,20.0,20.0,30.0,40.0,40.0,40.0,84.22,0.671,0.2928,1.0937,183.81,28.82,0.0,58.72,171.83,154.44,0.0,16.3,171.7,56.54
333,90.0,20.0,20.0,30.0,40.0,40.0,40.0,80.63,0.4948,-1.369,1.0937,183.81,28.82,0.0,64.88,171.83,-,0.0,16.3,171.7,88.3
334,100.0,40.0,40.0,50.0,70.0,70.0,80.0,31.55,0.8807,0.4216,1.0937,71.06,28.82,0.0,28.42,0.0,121.74,0.0,16.3,0.0,49.16
335,100.0,40.0,40.0,50.0,60.0,70.0,80.0,34.32,0.8708,0.4216,1.0937,96.43,31.18,0.0,28.42,0.0,121.74,0.0,16.3,0.0,49.16
336,100.0,30.0,30.0,40.0,60.0,60.0,70.0,59.02,0.7881,0.1545,1.0397,96.43,28.82,48.56,23.42,0.0,121.74,0.0,16.3,0.0,254.95
337,100.0,20.0,20.0,30.0,50.0,50.0,60.0,57.74,0.7617,0.2421,1.0397,96.43,28.82,48.6,28.42,0.0,59.54,120.1,16.3,0.0,179.22
338,100.0,40.0,40.0,50.0,70.0,70.0,70.0,28.41,0.898,0.5214,1.0937,96.43,28.82,0.0,28.42,0.0,59.54,0.0,16.3,0.0,54.6
339,100.0,40.0,40.0,60.0,70.0,70.0,70.0,29.07,0.8935,0.5214,1.0937,96.43,52.37,0.0,13.51,0.0,23.83,0.0,16.3,0.0,88.3
340,90.0,20.0,20.0,30.0,40.0,40.0,50.0,72.64,0.5228,-1.2752,1.0333,96.43,28.82,47.4,13.51,0.0,61.51,224.34,-,0.0,181.79
341,100.0,20.0,20.0,30.0,40.0,50.0,60.0,68.49,0.74,0.2416,1.0575,96.43,23.34,48.56,38.09,0.0,60.54,224.34,14.35,0.0,179.22
342,100.0,20.0,20.0,40.0,50.0,50.0,60.0,67.22,0.7553,0.2344,1.0397,96.43,24.95,47.4,13.51,0.0,67.51,224.34,16.3,0.0,181.79
343,100.0,30.0,40.0,50.0,60.0,60.0,60.0,35.01,0.8679,0.5214,1.1798,96.43,0.17,0.0,28.42,0.0,71.82,84.29,14.35,0.0,54.6
344,100.0,50.0,60.0,70.0,90.0,90.0,90.0,16.6,0.9764,0.5214,1.1798,96.43,0.17,0.0,28.42,0.0,24.67,0.0,16.3,0.0,0.0
345,100.0,30.0,40.0,50.0,70.0,70.0,70.0,33.58,0.8784,0.5214,1.146,96.43,2.51,0.0,28.42,83.69,24.67,0.0,16.3,83.75,0.0
346,100.0,30.0,40.0,50.0,70.0,70.0,70.0,33.58,0.8784,0.5214,1.146,96.43,2.51,0.0,28.42,83.69,24.67,0.0,16.3,83.75,0.0
347,100.0,20.0,40.0,60.0,60.0,60.0,60.0,47.1,0.8303,0.3497,1.146,96.43,2.51,4.6,170.92,83.69,12.83,0.0,16.3,83.75,0.0
348,100.0,10.0,20.0,40.0,40.0,50.0,50.0,44.98,0.8059,0.5237,1.0885,95.8,38.34,0.26,13.51,83.69,65.53,0.0,14.35,83.75,54.6
349,100.0,10.0,20.0,30.0,40.0,40.0,40.0,62.53,0.7276,0.4234,1.0964,95.8,28.82,0.31,135.44,83.69,65.53,0.0,20.82,83.75,111.14
350,100.0,10.0,10.0,20.0,20.0,20.0,40.0,117.54,0.5453,0.1531,1.0333,95.8,254.42,48.6,199.53,171.83,163.84,0.0,20.57,171.7,49.16
351,100.0,10.0,20.0,20.0,30.0,40.0,50.0,112.59,0.6351,0.1236,1.0644,96.43,31.18,46.76,28.42,171.83,7.4,366.23,205.99,171.7,0.0
352,100.0,40.0,40.0,40.0,60.0,70.0,70.0,87.48,0.7665,0.0893,1.0937,96.43,31.18,0.0,28.42,0.0,23.83,366.23,328.71,0.0,0.0
353,100.0,30.0,50.0,60.0,70.0,70.0,80.0,26.69,0.913,0.5214,1.1798,96.43,0.17,0.26,28.42,0.0,71.64,0.0,20.82,0.0,49.16
354,100.0,30.0,50.0,60.0,80.0,80.0,80.0,22.73,0.932,0.5214,1.1798,96.43,0.17,0.26,28.42,0.0,24.67,0.0,20.82,0.0,56.54
355,100.0,30.0,40.0,50.0,60.0,60.0,60.0,32.08,0.8722,0.5214,1.1798,96.43,0.17,51.34,28.42,0.0,67.04,0.0,20.82,0.0,56.54
356,100.0,30.0,40.0,50.0,70.0,70.0,70.0,63.58,0.7856,0.1729,1.0964,179.09,28.82,0.31,23.42,0.0,207.21,0.0,20.82,0.0,176.1
357,100.0,20.0,40.0,40.0,60.0,60.0,60.0,98.24,0.7981,-0.0248,1.1561,96.43,25.87,0.31,28.42,0.0,67.04,703.22,4.59,0.0,56.54
358,100.0,20.0,30.0,30.0,30.0,30.0,30.0,211.94,0.5638,-0.0764,1.1798,709.65,0.17,93.48,270.61,0.0,71.82,801.2,84.2,0.0,88.3
359,100.0,30.0,30.0,40.0,60.0,60.0,70.0,60.08,0.7727,0.1478,1.0333,96.43,28.82,47.4,23.42,0.0,207.86,0.0,20.82,0.0,176.1
360,80.0,40.0,50.0,60.0,70.0,70.0,70.0,17.67,0.5116,-1.3323,1.1798,96.43,0.17,-,28.42,0.0,-,0.0,16.3,0.0,0.0
361,100.0,40.0,50.0,60.0,70.0,70.0,70.0,29.23,0.9063,0.5214,1.1798,96.43,0.17,0.0,28.42,0.0,96.41,0.0,16.3,0.0,54.6
362,100.0,30.0,30.0,40.0,60.0,60.0,70.0,44.21,0.8156,0.4544,1.0333,96.43,28.82,48.6,28.42,0.0,107.9,0.0,20.82,0.0,111.14
363,100.0,50.0,60.0,80.0,90.0,90.0,90.0,15.65,0.9817,0.5214,1.146,96.43,2.51,0.0,28.42,0.0,12.83,0.0,16.3,0.0,0.0
364,100.0,30.0,50.0,60.0,70.0,70.0,70.0,26.86,0.9101,0.5214,1.146,96.43,2.51,0.26,28.42,0.0,65.53,0.0,20.82,0.0,54.6
365,100.0,20.0,40.0,50.0,60.0,60.0,60.0,49.29,0.8309,0.2416,1.146,96.43,2.51,0.26,28.42,0.0,65.53,224.34,20.82,0.0,54.6
366,100.0,20.0,40.0,50.0,70.0,70.0,70.0,35.04,0.8692,0.4363,1.1488,96.43,3.18,0.26,28.42,0.0,24.67,120.1,20.82,0.0,56.54
367,100.0,20.0,40.0,50.0,60.0,60.0,60.0,39.21,0.8455,0.4363,1.146,96.43,2.51,0.26,28.42,0.0,67.04,120.1,20.82,0.0,56.54
368,100.0,40.0,50.0,70.0,80.0,80.0,80.0,27.4,0.9257,0.4363,1.1798,96.43,0.17,0.0,28.42,0.0,12.83,120.1,16.05,0.0,0.0
369,100.0,40.0,70.0,80.0,90.0,90.0,90.0,14.87,0.9927,0.5214,1.1798,96.43,0.17,0.26,28.42,0.0,7.4,0.0,16.05,0.0,0.0
370,100.0,30.0,50.0,60.0,70.0,70.0,70.0,46.37,0.8633,0.3744,1.1798,96.43,0.17,4.6,28.42,159.2,0.0,0.0,16.05,158.87,0.0
371,100.0,30.0,50.0,60.0,70.0,70.0,70.0,45.94,0.8679,0.3744,1.1798,96.43,0.17,0.26,28.42,159.2,0.0,0.0,16.05,158.87,0.0
372,100.0,40.0,50.0,60.0,70.0,70.0,70.0,35.72,0.8964,0.3413,1.1798,170.53,0.17,0.0,28.42,71.06,0.0,0.0,16.05,70.92,0.0
373,100.0,20.0,40.0,60.0,70.0,70.0,70.0,54.63,0.8351,0.3413,1.1791,170.53,0.14,0.26,28.42,159.2,12.83,0.0,16.05,158.87,0.0
374,100.0,40.0,60.0,70.0,80.0,80.0,80.0,30.52,0.9131,0.2609,1.1791,96.43,0.14,0.31,28.42,0.0,163.84,0.0,16.05,0.0,0.0
375,100.0,10.0,20.0,40.0,50.0,50.0,50.0,81.12,0.7039,0.2209,1.0964,170.53,17.32,0.31,28.42,159.2,71.64,0.0,16.05,158.87,188.91
376,90.0,20.0,20.0,30.0,40.0,40.0,40.0,70.9,0.5203,-1.1857,1.0435,96.43,-,86.91,28.42,0.0,196.81,0.0,16.05,158.87,54.6
377,100.0,30.0,50.0,60.0,70.0,70.0,80.0,43.7,0.858,0.2609,1.1791,179.09,0.14,0.31,28.42,0.0,163.84,0.0,16.05,0.0,49.16
378,100.0,20.0,50.0,60.0,70.0,70.0,80.0,60.22,0.8544,0.1314,1.1791,170.53,0.14,0.31,28.42,0.0,7.4,332.16,14.1,0.0,49.16
379,100.0,20.0,50.0,60.0,70.0,70.0,80.0,53.48,0.8655,0.1314,1.1791,96.43,0.14,0.31,28.42,0.0,7.4,332.16,20.82,0.0,49.16
380,100.0,10.0,30.0,40.0,60.0,60.0,60.0,75.0,0.7744,0.2601,1.1791,96.43,0.14,0.31,28.42,250.4,23.83,84.29,16.3,249.91,0.0
381,100.0,10.0,30.0,40.0,50.0,50.0,50.0,70.87,0.7588,0.2601,1.1791,96.43,0.14,4.6,28.42,250.4,69.21,84.29,16.3,158.87,0.0
382,100.0,40.0,60.0,70.0,80.0,80.0,80.0,20.77,0.9455,0.5214,1.146,96.43,2.51,0.26,28.42,0.0,12.83,0.0,67.27,0.0,0.0
383,100.0,20.0,30.0,50.0,70.0,70.0,70.0,36.66,0.8604,0.4363,1.0964,96.43,28.82,0.31,28.42,0.0,12.83,120.1,16.3,0.0,63.4
384,80.0,10.0,10.0,10.0,30.0,30.0,40.0,56.22,0.3265,-1.4219,1.0333,96.43,23.68,48.6,141.81,-,53.69,0.0,30.96,-,54.6
385,100.0,10.0,20.0,30.0,60.0,60.0,60.0,56.72,0.7869,0.3744,1.0964,96.43,23.68,0.31,28.42,159.2,12.83,0.0,30.96,158.87,56.54
386,100.0,30.0,40.0,50.0,60.0,60.0,60.0,55.92,0.8115,0.3744,1.1561,96.43,15.27,0.0,28.42,159.2,96.41,0.0,4.59,158.87,0.0
387,100.0,40.0,50.0,50.0,70.0,70.0,70.0,31.89,0.8801,0.5214,1.0635,96.43,25.79,4.6,28.42,0.0,96.41,0.0,67.27,0.0,0.0
388,100.0,40.0,50.0,60.0,80.0,80.0,80.0,24.21,0.9282,0.5214,1.0964,96.43,28.82,0.31,28.42,0.0,71.82,0.0,16.3,0.0,0.0
389,100.0,40.0,50.0,70.0,90.0,90.0,90.0,18.31,0.9617,0.5214,1.0964,96.43,28.82,0.31,28.42,0.0,12.83,0.0,16.3,0.0,0.0
390,100.0,40.0,60.0,70.0,90.0,90.0,90.0,24.94,0.9535,0.3413,1.0964,170.53,28.69,0.31,28.42,0.0,7.4,0.0,14.1,0.0,0.0
391,100.0,40.0,70.0,70.0,90.0,90.0,90.0,17.1,0.9755,0.5214,1.0997,96.43,28.82,0.31,28.42,0.0,7.4,0.0,9.66,0.0,0.0
392,100.0,40.0,60.0,70.0,90.0,90.0,90.0,17.77,0.9695,0.5214,1.0964,96.43,28.82,0.31,28.42,0.0,7.4,0.0,16.3,0.0,0.0
393,100.0,40.0,60.0,70.0,90.0,90.0,90.0,17.77,0.9695,0.5214,1.0964,96.43,28.82,0.31,28.42,0.0,7.4,0.0,16.3,0.0,0.0
394,100.0,40.0,60.0,70.0,90.0,90.0,90.0,17.76,0.9687,0.5214,1.0885,96.43,28.82,0.26,28.42,0.0,7.4,0.0,16.3,0.0,0.0
395,100.0,30.0,50.0,50.0,70.0,70.0,70.0,33.48,0.8844,0.4363,1.0964,96.43,28.82,0.31,28.42,0.0,7.4,120.1,53.3,0.0,0.0
396,100.0,40.0,50.0,70.0,90.0,90.0,90.0,18.76,0.957,0.5214,1.0964,96.43,28.82,0.31,28.42,0.0,12.83,0.0,20.82,0.0,0.0
397,100.0,50.0,50.0,70.0,90.0,90.0,90.0,25.69,0.9434,0.3413,1.0937,170.53,28.82,0.0,28.42,0.0,12.83,0.0,16.3,0.0,0.0
398,100.0,40.0,50.0,70.0,90.0,90.0,90.0,25.72,0.9429,0.3413,1.0885,170.53,28.82,0.26,28.42,0.0,12.83,0.0,16.3,0.0,0.0
399,90.0,30.0,30.0,40.0,50.0,50.0,60.0,42.11,0.6324,-1.1857,1.0397,170.53,-,48.56,28.42,0.0,60.54,0.0,16.3,0.0,54.6
400,100.0,40.0,60.0,80.0,90.0,90.0,90.0,23.54,0.9592,0.3413,1.146,170.53,2.51,0.31,28.42,0.0,12.83,0.0,20.82,0.0,0.0
401,100.0,30.0,30.0,60.0,70.0,70.0,70.0,38.74,0.8678,0.3413,1.0937,170.53,17.32,0.0,28.42,71.06,12.83,0.0,16.3,70.92,0.0
402,100.0,30.0,30.0,50.0,60.0,60.0,70.0,34.33,0.8657,0.5214,1.0937,96.43,17.32,0.0,28.42,71.06,12.83,0.0,46.34,70.92,0.0
403,100.0,30.0,30.0,40.0,50.0,50.0,60.0,38.02,0.8354,0.5214,1.0937,96.43,54.24,0.0,28.42,71.06,12.83,0.0,46.34,70.92,0.0
404,100.0,30.0,30.0,30.0,50.0,50.0,50.0,71.94,0.7075,0.1446,1.0937,96.43,29.66,0.0,28.42,159.2,179.53,0.0,67.27,158.87,0.0
405,100.0,20.0,30.0,50.0,70.0,70.0,70.0,36.99,0.8535,0.4363,1.043,96.43,28.82,4.6,28.42,0.0,18.67,120.1,16.3,0.0,56.54
406,90.0,20.0,30.0,40.0,50.0,50.0,60.0,64.35,0.5529,-1.2244,1.0885,179.09,28.82,0.26,-,0.0,185.38,120.1,16.3,0.0,49.16
407,100.0,20.0,30.0,40.0,60.0,60.0,70.0,71.18,0.7425,0.1452,1.0885,179.09,28.82,0.26,28.42,0.0,185.38,224.34,16.3,0.0,49.16
408,100.0,30.0,30.0,40.0,60.0,60.0,60.0,85.1,0.6917,0.1452,1.0937,179.09,28.82,0.0,28.42,0.0,185.38,224.34,16.05,0.0,188.91
409,80.0,40.0,40.0,50.0,50.0,50.0,60.0,42.68,0.4226,-1.2244,1.0937,96.43,-,0.0,-,0.0,179.53,0.0,16.3,0.0,49.16
410,100.0,30.0,30.0,40.0,60.0,60.0,60.0,64.6,0.7678,0.0382,1.0937,96.43,28.82,0.0,28.42,0.0,299.38,120.1,16.3,0.0,56.54
411,100.0,40.0,50.0,60.0,70.0,70.0,80.0,31.03,0.8977,0.4216,1.1798,96.43,0.17,0.0,28.42,0.0,121.74,0.0,14.35,0.0,49.16
412,100.0,30.0,40.0,50.0,60.0,60.0,70.0,43.17,0.8297,0.4363,1.0997,96.43,19.42,0.0,28.42,0.0,108.51,120.1,9.66,0.0,49.16
413,100.0,20.0,30.0,40.0,60.0,60.0,70.0,51.53,0.7886,0.1473,1.0885,96.43,24.95,0.26,28.42,0.0,179.64,120.1,16.3,0.0,49.16
414,100.0,20.0,30.0,40.0,60.0,60.0,70.0,46.1,0.8125,0.4216,1.0885,96.43,28.82,0.26,28.42,0.0,121.74,120.1,16.05,0.0,49.16
415,100.0,30.0,40.0,50.0,60.0,70.0,70.0,59.02,0.794,0.1452,1.1798,96.43,0.17,0.0,28.42,0.0,185.38,224.34,16.3,0.0,39.21
416,90.0,30.0,40.0,50.0,60.0,60.0,60.0,61.91,0.5872,-1.3323,1.1798,179.72,0.17,-,28.42,0.0,108.51,224.34,16.05,0.0,0.0
417,100.0,30.0,30.0,40.0,60.0,60.0,60.0,62.22,0.7796,0.2416,1.0937,179.72,28.82,0.0,28.42,0.0,71.64,224.34,16.3,0.0,72.91
418,90.0,20.0,20.0,30.0,30.0,30.0,40.0,93.11,0.4581,-1.3323,1.0397,96.43,46.68,-,282.3,0.0,108.51,224.34,16.3,0.0,63.4
419,100.0,20.0,30.0,30.0,30.0,30.0,50.0,79.74,0.687,0.1561,1.1798,96.43,0.17,48.3,53.33,0.0,207.28,224.34,46.34,0.0,121.21
420,100.0,30.0,40.0,40.0,40.0,40.0,50.0,62.01,0.7339,0.1561,1.0964,96.43,54.24,0.31,89.79,0.0,207.28,0.0,50.86,0.0,121.21
421,100.0,20.0,20.0,30.0,30.0,30.0,40.0,78.13,0.6837,0.2964,1.0937,96.43,59.15,0.0,13.51,171.83,165.18,0.0,46.34,171.7,57.17
422,100.0,30.0,40.0,40.0,50.0,50.0,60.0,70.17,0.7583,0.2948,1.1798,179.72,0.17,0.0,23.42,171.83,108.51,0.0,46.34,171.7,0.0
423,100.0,50.0,60.0,60.0,80.0,80.0,90.0,19.52,0.9576,0.5214,1.1798,96.43,0.17,0.0,28.42,0.0,23.83,0.0,46.34,0.0,0.0
424,100.0,40.0,50.0,50.0,60.0,60.0,70.0,51.83,0.8352,0.2612,1.1798,96.43,0.17,0.0,28.42,0.0,124.34,0.0,46.34,0.0,222.58
425,100.0,50.0,60.0,70.0,80.0,80.0,80.0,38.23,0.9137,0.2544,1.1798,96.43,0.17,0.0,28.42,0.0,242.91,0.0,14.35,0.0,0.0
426,100.0,20.0,30.0,40.0,50.0,50.0,50.0,70.9,0.7295,0.3524,1.1798,96.43,0.17,0.0,28.42,171.83,108.51,0.0,20.82,171.7,111.14
427,100.0,40.0,60.0,70.0,80.0,80.0,90.0,20.24,0.9555,0.5214,1.1798,96.43,0.17,0.0,28.42,0.0,7.4,0.0,20.82,0.0,49.16
428,100.0,60.0,70.0,80.0,90.0,90.0,90.0,13.94,1.0015,0.5214,1.1798,96.43,0.17,0.0,28.42,0.0,0.0,0.0,14.35,0.0,0.0
429,100.0,40.0,50.0,60.0,70.0,70.0,70.0,59.2,0.8079,0.2702,1.0937,179.72,213.85,0.0,28.42,0.0,7.4,0.0,20.57,0.0,142.08
430,100.0,30.0,40.0,40.0,50.0,50.0,50.0,55.11,0.7843,0.3573,1.1798,96.43,0.17,0.0,28.42,0.0,173.29,120.1,69.3,0.0,63.4
431,100.0,20.0,40.0,40.0,50.0,50.0,50.0,47.84,0.8046,0.4363,1.1798,96.43,0.17,93.17,28.42,0.0,7.4,120.1,69.3,0.0,63.4
432,100.0,20.0,30.0,50.0,60.0,60.0,60.0,64.34,0.7833,0.1223,1.0885,96.43,17.32,0.26,28.42,0.0,301.13,120.1,16.3,0.0,63.4
433,100.0,20.0,40.0,60.0,70.0,70.0,70.0,33.77,0.8837,0.4363,1.1798,96.43,0.17,0.26,28.42,0.0,12.83,120.1,16.05,0.0,63.4
434,100.0,30.0,50.0,70.0,80.0,80.0,80.0,21.76,0.9434,0.5214,1.1798,96.43,0.17,0.26,28.42,0.0,12.83,0.0,16.05,0.0,63.4
435,100.0,30.0,50.0,70.0,80.0,80.0,80.0,22.34,0.9394,0.5214,1.1798,96.43,0.17,0.26,28.42,0.0,18.67,0.0,16.05,0.0,63.4
436,90.0,40.0,40.0,60.0,70.0,70.0,70.0,24.77,0.7037,-1.1821,1.0937,96.43,-,0.0,28.42,0.0,18.67,0.0,16.05,0.0,63.4
437,100.0,20.0,30.0,50.0,60.0,70.0,70.0,50.99,0.8125,0.3145,1.0575,96.43,31.18,4.6,28.42,0.0,18.67,191.61,14.35,0.0,124.62
438,100.0,40.0,60.0,80.0,90.0,90.0,90.0,15.68,0.9817,0.5214,1.1791,96.43,0.14,4.6,28.42,0.0,12.83,0.0,14.35,0.0,0.0
439,90.0,20.0,40.0,50.0,60.0,60.0,60.0,46.22,0.619,-1.2593,1.1791,96.43,0.14,4.6,28.42,0.0,18.67,120.1,-,0.0,147.59
440,100.0,30.0,30.0,40.0,50.0,50.0,50.0,61.79,0.7239,0.2863,1.0937,96.43,136.39,0.0,28.42,0.0,12.83,120.1,167.19,0.0,56.54
441,100.0,30.0,40.0,50.0,60.0,60.0,60.0,48.16,0.8132,0.3104,1.1791,96.43,0.14,0.0,28.42,0.0,12.83,120.1,167.19,0.0,56.54
442,90.0,30.0,30.0,60.0,70.0,70.0,70.0,25.6,0.6866,-1.339,1.067,96.43,15.4,-,28.42,0.0,12.83,0.0,20.82,0.0,56.54
443,100.0,40.0,70.0,80.0,90.0,90.0,90.0,14.68,0.9952,0.5214,1.1791,96.43,0.14,0.31,28.42,0.0,7.4,0.0,14.1,0.0,0.0
444,90.0,50.0,60.0,70.0,80.0,80.0,80.0,16.51,0.7619,-1.1302,1.0937,96.43,-,0.0,28.42,0.0,7.4,0.0,16.3,0.0,0.0
445,100.0,40.0,40.0,50.0,60.0,60.0,60.0,39.06,0.8373,0.5214,1.0937,96.43,64.19,0.0,28.42,0.0,102.9,84.29,14.35,0.0,0.0
446,100.0,20.0,40.0,60.0,70.0,70.0,70.0,57.45,0.818,0.2416,1.1519,96.43,3.05,0.31,28.42,0.0,18.67,224.34,20.57,0.0,182.68
447,100.0,20.0,30.0,40.0,50.0,50.0,60.0,90.64,0.7233,-0.0303,1.0964,96.43,24.82,0.31,43.06,0.0,163.84,84.29,20.57,0.0,473.07
448,100.0,20.0,30.0,40.0,40.0,40.0,50.0,51.22,0.7591,0.3695,1.0885,96.43,110.75,0.26,43.06,0.0,108.51,84.29,14.35,0.0,54.6
449,100.0,20.0,40.0,60.0,60.0,60.0,70.0,52.59,0.8252,0.2936,1.1519,179.72,3.05,0.31,43.06,0.0,18.67,84.29,14.1,0.0,182.68
450,100.0,20.0,40.0,40.0,40.0,40.0,50.0,57.25,0.7598,0.3145,1.0997,96.43,106.82,0.31,43.06,0.0,67.46,191.61,9.66,0.0,57.17
451,100.0,30.0,40.0,50.0,70.0,70.0,70.0,56.99,0.8134,0.2378,1.0964,96.43,25.87,0.31,28.42,0.0,12.83,185.56,220.48,0.0,0.0
452,90.0,50.0,60.0,70.0,80.0,80.0,80.0,16.37,0.7545,-1.1857,1.0997,96.43,-,0.0,28.42,0.0,12.83,0.0,9.66,0.0,0.0
453,90.0,50.0,60.0,60.0,70.0,70.0,70.0,25.84,0.7136,-1.1857,1.1519,96.43,-,0.0,28.42,0.0,102.9,0.0,4.84,0.0,0.0
454,100.0,40.0,50.0,80.0,80.0,80.0,80.0,24.42,0.9367,0.4704,1.0964,96.43,17.32,0.31,13.51,0.0,102.23,0.0,14.35,0.0,0.0
455,100.0,50.0,60.0,80.0,90.0,90.0,90.0,15.52,0.9837,0.5214,1.1488,96.43,3.18,0.0,28.42,0.0,12.83,0.0,14.35,0.0,0.0
456,100.0,40.0,50.0,70.0,80.0,80.0,80.0,32.28,0.9122,0.2948,1.1488,179.72,3.18,0.0,28.42,0.0,12.83,84.29,14.35,0.0,0.0
457,100.0,40.0,40.0,50.0,80.0,80.0,80.0,63.27,0.8277,0.0868,1.0937,179.72,28.82,0.0,28.42,0.0,24.67,0.0,20.82,0.0,350.26
458,100.0,50.0,60.0,80.0,90.0,90.0,90.0,23.55,0.9641,0.2948,1.1791,179.72,0.14,0.0,28.42,0.0,12.83,0.0,14.35,0.0,0.0
459,100.0,50.0,60.0,80.0,90.0,90.0,90.0,23.55,0.9641,0.2948,1.1791,179.72,0.14,0.0,28.42,0.0,12.83,0.0,14.35,0.0,0.0
460,100.0,10.0,30.0,40.0,40.0,40.0,40.0,81.29,0.677,0.2948,1.0997,179.72,106.82,0.26,13.51,171.83,102.23,0.0,9.66,171.7,57.17
461,90.0,40.0,50.0,50.0,60.0,70.0,70.0,46.86,0.6568,-1.3195,1.1798,277.53,0.17,0.0,28.42,0.0,-,84.29,31.36,0.0,0.0
462,100.0,30.0,70.0,70.0,80.0,80.0,80.0,27.8,0.9436,0.2948,1.1798,179.72,0.17,0.26,28.42,0.0,7.4,0.0,4.84,0.0,57.17
463,100.0,30.0,50.0,70.0,80.0,80.0,80.0,35.58,0.904,0.2948,1.1798,179.72,0.17,0.26,28.42,0.0,12.83,120.1,14.35,0.0,0.0
464,100.0,30.0,50.0,60.0,70.0,70.0,70.0,33.58,0.882,0.4363,1.1798,96.43,0.17,0.26,28.42,0.0,18.67,120.1,71.79,0.0,0.0
465,90.0,30.0,40.0,50.0,60.0,60.0,60.0,36.65,0.6495,-1.1857,1.0885,96.43,-,0.26,28.42,0.0,12.83,120.1,71.79,0.0,0.0
466,100.0,40.0,40.0,50.0,70.0,70.0,70.0,36.1,0.8593,0.4363,1.0937,96.43,25.62,0.0,28.42,0.0,18.67,120.1,71.79,0.0,0.0
467,90.0,50.0,50.0,70.0,80.0,80.0,80.0,16.89,0.7503,-1.1857,1.0937,96.43,-,0.0,28.42,0.0,12.83,0.0,14.35,0.0,0.0
468,90.0,30.0,40.0,60.0,70.0,70.0,70.0,30.91,0.6861,-1.1857,1.0885,96.43,-,0.26,28.42,0.0,18.67,120.1,14.35,0.0,0.0
469,90.0,40.0,40.0,60.0,70.0,70.0,70.0,40.86,0.6574,-1.1857,1.0937,179.72,-,0.0,28.42,0.0,18.67,120.1,20.82,0.0,0.0
470,90.0,40.0,40.0,50.0,50.0,50.0,60.0,43.23,0.6206,-1.3292,1.0937,179.72,61.68,0.0,49.01,0.0,-,84.29,14.35,0.0,0.0
471,100.0,30.0,40.0,60.0,70.0,70.0,70.0,42.78,0.8558,0.2948,1.1488,179.72,3.18,0.0,28.42,0.0,18.67,120.1,14.35,0.0,63.4
472,90.0,30.0,50.0,60.0,60.0,60.0,60.0,48.42,0.6126,-1.3326,1.1519,179.72,148.04,0.26,-,0.0,18.67,84.29,4.84,0.0,0.0
473,100.0,40.0,50.0,70.0,80.0,90.0,90.0,27.69,0.9299,0.2948,1.0635,179.72,31.18,4.6,28.42,0.0,18.67,0.0,14.35,0.0,0.0
474,100.0,60.0,80.0,90.0,90.0,90.0,90.0,20.16,0.9972,0.2948,1.1798,179.72,0.17,0.0,0.0,0.0,7.4,0.0,14.35,0.0,0.0
475,100.0,30.0,50.0,80.0,80.0,80.0,80.0,35.12,0.9108,0.2963,1.1488,179.09,3.18,0.31,13.51,0.0,18.67,120.1,16.3,0.0,0.0
476,100.0,40.0,70.0,80.0,80.0,80.0,90.0,25.03,0.9592,0.2948,1.1798,179.72,0.17,0.26,48.38,0.0,7.4,0.0,14.35,0.0,0.0
477,100.0,40.0,70.0,80.0,90.0,90.0,90.0,23.33,0.9684,0.2948,1.1488,179.72,3.18,0.26,28.42,0.0,7.4,0.0,14.35,0.0,0.0
478,100.0,30.0,50.0,70.0,80.0,80.0,80.0,30.94,0.9142,0.2963,1.1488,179.09,3.18,0.31,28.42,0.0,18.67,0.0,16.3,0.0,63.4
479,100.0,40.0,70.0,80.0,80.0,80.0,80.0,26.83,0.952,0.2948,1.1488,179.72,3.18,0.26,0.0,0.0,7.4,0.0,14.35,0.0,63.4
480,100.0,40.0,60.0,80.0,80.0,80.0,80.0,33.68,0.9181,0.2963,1.1488,179.09,3.18,0.26,0.0,0.0,18.67,0.0,14.35,0.0,121.21
481,100.0,50.0,60.0,80.0,80.0,80.0,80.0,27.93,0.9407,0.2948,1.1488,179.72,3.18,0.0,0.0,0.0,18.67,0.0,14.35,0.0,63.4
482,100.0,30.0,50.0,50.0,50.0,50.0,60.0,62.15,0.7898,0.2948,1.146,179.72,2.51,0.26,0.0,171.83,165.18,0.0,44.81,0.0,57.17
483,100.0,50.0,60.0,70.0,70.0,70.0,80.0,43.61,0.8746,0.2209,1.1268,179.72,4.02,0.0,0.0,0.0,18.67,0.0,44.81,0.0,188.91
484,100.0,50.0,60.0,70.0,70.0,70.0,80.0,43.55,0.8747,0.2209,1.1268,179.09,4.02,0.0,0.0,0.0,18.67,0.0,44.81,0.0,188.91
485,100.0,50.0,50.0,70.0,70.0,70.0,70.0,44.44,0.8469,0.2948,1.1178,179.72,19.1,0.0,0.0,0.0,18.67,0.0,102.25,0.0,124.62
486,100.0,50.0,50.0,60.0,60.0,70.0,80.0,39.61,0.8657,0.2948,1.1178,179.72,41.75,0.0,0.0,0.0,18.67,0.0,31.36,0.0,124.62
487,100.0,50.0,50.0,60.0,70.0,70.0,70.0,43.07,0.863,0.2948,1.1178,179.72,27.04,0.0,0.0,0.0,91.55,0.0,14.35,0.0,118.0
488,100.0,50.0,50.0,60.0,70.0,70.0,70.0,41.29,0.8582,0.2948,1.1178,179.72,29.49,0.0,0.0,0.0,18.67,0.0,67.02,0.0,118.0
489,100.0,60.0,70.0,90.0,90.0,90.0,90.0,13.42,1.0038,0.5214,1.1519,96.43,3.05,0.0,0.0,0.0,18.67,0.0,16.05,0.0,0.0
490,100.0,60.0,70.0,90.0,90.0,90.0,90.0,21.75,0.9811,0.2948,1.1519,179.72,3.05,0.0,0.0,0.0,18.67,0.0,16.05,0.0,0.0
491,100.0,60.0,70.0,90.0,90.0,90.0,90.0,13.36,1.004,0.5237,1.1519,95.8,3.05,0.0,0.0,0.0,18.67,0.0,16.05,0.0,0.0
492,100.0,60.0,70.0,90.0,90.0,90.0,90.0,21.75,0.9811,0.2948,1.1519,179.72,3.05,0.0,0.0,0.0,18.67,0.0,16.05,0.0,0.0
493,100.0,40.0,50.0,80.0,80.0,80.0,80.0,30.04,0.9234,0.2948,1.1519,179.72,3.05,0.0,19.46,0.0,18.67,0.0,16.05,0.0,63.4
494,100.0,60.0,70.0,90.0,90.0,90.0,90.0,21.75,0.9811,0.2948,1.1519,179.72,3.05,0.0,0.0,0.0,18.67,0.0,16.05,0.0,0.0
495,100.0,50.0,60.0,80.0,80.0,80.0,80.0,40.58,0.897,0.2209,1.1519,179.09,3.05,0.0,0.0,0.0,18.67,0.0,16.05,0.0,188.91
496,100.0,40.0,60.0,80.0,80.0,80.0,80.0,47.08,0.8915,0.1545,1.1519,179.72,3.05,0.26,0.0,0.0,18.67,0.0,14.1,0.0,254.95
497,100.0,40.0,60.0,80.0,80.0,80.0,80.0,28.12,0.9399,0.2948,1.1519,179.72,3.05,0.31,0.0,0.0,18.67,0.0,16.05,0.0,63.4
498,100.0,40.0,60.0,80.0,80.0,80.0,80.0,32.15,0.9167,0.1958,1.1519,95.8,3.05,0.26,0.0,0.0,18.67,0.0,16.05,0.0,187.7
499,100.0,50.0,60.0,80.0,80.0,80.0,80.0,52.33,0.8816,0.0681,1.1519,179.72,3.05,0.0,0.0,0.0,18.67,0.0,16.05,0.0,305.85
500,100.0,60.0,70.0,90.0,90.0,90.0,90.0,21.75,0.9811,0.2948,1.1519,179.72,3.05,0.0,0.0,0.0,18.67,0.0,16.05,0.0,0.0
501,100.0,40.0,50.0,70.0,70.0,70.0,70.0,46.22,0.8533,0.2948,1.1519,179.72,3.05,0.0,0.0,0.0,18.67,120.1,16.05,0.0,124.62
502,100.0,40.0,50.0,60.0,60.0,60.0,60.0,42.59,0.8565,0.3203,1.1519,167.67,3.05,0.0,0.0,0.0,18.67,120.1,53.06,0.0,63.4
503,100.0,30.0,50.0,80.0,80.0,80.0,80.0,35.77,0.9041,0.2948,1.1488,179.72,3.18,0.26,19.46,0.0,18.67,120.1,16.3,0.0,0.0
504,100.0,50.0,60.0,80.0,80.0,80.0,80.0,33.8,0.9208,0.2948,1.1488,179.72,3.18,0.0,0.0,0.0,18.67,120.1,16.3,0.0,0.0
505,100.0,30.0,40.0,70.0,70.0,70.0,70.0,61.2,0.8144,0.1545,1.1519,179.72,3.05,0.0,19.46,0.0,18.67,120.1,16.05,0.0,254.95
506,100.0,30.0,40.0,60.0,60.0,70.0,70.0,50.0,0.8226,0.2948,1.1519,179.72,3.05,0.0,37.83,0.0,18.67,120.1,16.05,0.0,124.62
507,100.0,50.0,50.0,70.0,70.0,80.0,80.0,46.27,0.8536,0.1694,1.0937,276.9,112.89,0.0,38.23,0.0,18.67,0.0,16.05,0.0,0.0
508,100.0,40.0,50.0,70.0,70.0,70.0,70.0,40.04,0.88,0.2963,1.1519,179.09,3.05,0.0,0.0,0.0,18.67,120.1,16.05,0.0,63.4
509,100.0,50.0,60.0,80.0,80.0,80.0,80.0,40.61,0.8963,0.2209,1.1488,179.09,3.18,0.0,0.0,0.0,18.67,0.0,16.3,0.0,188.91
510,100.0,50.0,60.0,80.0,80.0,80.0,80.0,31.38,0.9273,0.2963,1.1488,179.09,3.18,0.0,0.0,0.0,18.67,0.0,16.3,0.0,96.53
511,100.0,50.0,60.0,80.0,80.0,80.0,80.0,40.61,0.8963,0.2209,1.1488,179.09,3.18,0.0,0.0,0.0,18.67,0.0,16.3,0.0,188.91
512,100.0,60.0,70.0,90.0,90.0,90.0,90.0,21.72,0.9806,0.2963,1.1488,179.09,3.18,0.0,0.0,0.0,18.67,0.0,16.3,0.0,0.0
513,100.0,60.0,60.0,80.0,90.0,90.0,90.0,34.05,0.9459,0.1694,1.1178,276.9,28.65,0.0,0.0,0.0,18.67,0.0,16.3,0.0,0.0
514,100.0,60.0,60.0,80.0,90.0,90.0,90.0,24.33,0.9584,0.2948,1.1178,179.72,28.65,0.0,0.0,0.0,18.67,0.0,16.3,0.0,0.0
515,100.0,60.0,70.0,90.0,90.0,90.0,90.0,21.79,0.9805,0.2948,1.1488,179.72,3.18,0.0,0.0,0.0,18.67,0.0,16.3,0.0,0.0
516,100.0,50.0,60.0,80.0,80.0,80.0,80.0,27.38,0.9415,0.2963,1.1488,179.09,3.18,0.0,0.0,0.0,18.67,0.0,16.3,0.0,56.54
517,100.0,40.0,50.0,60.0,60.0,60.0,60.0,43.57,0.8551,0.2963,1.1488,179.09,3.18,0.0,0.0,0.0,18.67,120.1,51.28,0.0,63.4
518,100.0,40.0,50.0,60.0,60.0,60.0,60.0,41.19,0.8465,0.2948,1.1178,179.72,61.68,0.26,0.0,0.0,18.67,84.29,67.27,0.0,0.0
519,100.0,50.0,60.0,70.0,70.0,70.0,80.0,37.23,0.8918,0.2963,1.1488,179.09,3.18,0.0,0.0,0.0,18.67,0.0,46.76,0.0,124.62
520,100.0,60.0,60.0,70.0,70.0,70.0,80.0,30.62,0.9111,0.2963,1.1178,179.09,61.68,0.0,0.0,0.0,18.67,0.0,46.76,0.0,0.0
521,90.0,60.0,60.0,70.0,70.0,70.0,70.0,29.52,0.7113,-1.1857,1.1178,179.72,-,0.0,0.0,0.0,18.67,0.0,67.27,0.0,0.0
522,100.0,40.0,50.0,60.0,60.0,60.0,60.0,35.51,0.8764,0.4363,1.1488,96.43,3.18,0.0,0.0,0.0,18.67,120.1,53.3,0.0,63.4
523,100.0,40.0,60.0,80.0,80.0,80.0,80.0,18.94,0.9652,0.5214,1.1488,96.43,3.18,0.26,0.0,0.0,18.67,0.0,14.35,0.0,56.54
524,100.0,60.0,70.0,90.0,90.0,90.0,90.0,13.26,1.0049,0.5214,1.1488,96.43,3.18,0.0,0.0,0.0,18.67,0.0,14.35,0.0,0.0
525,100.0,60.0,60.0,70.0,80.0,80.0,80.0,21.39,0.9436,0.5214,1.1178,96.43,27.04,0.0,0.0,0.0,18.67,0.0,71.79,0.0,0.0
526,100.0,60.0,70.0,90.0,90.0,90.0,90.0,13.26,1.0049,0.5214,1.1488,96.43,3.18,0.0,0.0,0.0,18.67,0.0,14.35,0.0,0.0
527,100.0,60.0,70.0,90.0,90.0,90.0,90.0,13.35,1.0027,0.5214,1.1268,96.43,4.02,0.0,0.0,0.0,18.67,0.0,14.35,0.0,0.0
528,100.0,40.0,50.0,60.0,60.0,60.0,60.0,35.51,0.8764,0.4363,1.1488,96.43,3.18,0.0,0.0,0.0,18.67,120.1,53.3,0.0,63.4
529,100.0,60.0,70.0,90.0,90.0,90.0,90.0,13.35,1.0027,0.5214,1.1268,96.43,4.02,0.0,0.0,0.0,18.67,0.0,14.35,0.0,0.0
530,100.0,40.0,60.0,80.0,80.0,80.0,80.0,20.28,0.9571,0.5214,1.1488,96.43,3.18,0.31,0.0,0.0,18.67,0.0,20.82,0.0,63.4
531,100.0,60.0,70.0,90.0,90.0,90.0,90.0,13.26,1.0049,0.5214,1.1488,96.43,3.18,0.0,0.0,0.0,18.67,0.0,14.35,0.0,0.0
532,100.0,50.0,70.0,80.0,80.0,80.0,80.0,20.64,0.9642,0.5214,1.1488,96.43,3.18,0.0,0.0,0.0,12.83,84.29,9.66,0.0,0.0
533,100.0,40.0,50.0,60.0,60.0,60.0,60.0,45.4,0.821,0.3106,1.1178,96.43,112.5,0.26,0.0,0.0,18.67,0.0,169.64,0.0,56.54
534,100.0,60.0,60.0,80.0,90.0,90.0,90.0,15.22,0.9873,0.5214,1.1178,96.43,28.6,0.0,0.0,0.0,12.83,0.0,14.35,0.0,0.0
535,100.0,40.0,50.0,50.0,60.0,60.0,70.0,28.24,0.8953,0.5237,1.1178,95.8,54.24,0.31,0.0,0.0,24.67,0.0,50.86,0.0,56.54
536,100.0,50.0,70.0,90.0,90.0,90.0,90.0,13.27,1.0023,0.5237,1.1488,95.8,3.18,4.6,0.0,0.0,12.83,0.0,16.3,0.0,0.0
537,100.0,60.0,70.0,90.0,90.0,90.0,90.0,12.51,1.0104,0.5237,1.1798,95.8,0.17,0.0,0.0,0.0,12.83,0.0,16.3,0.0,0.0
538,100.0,60.0,70.0,90.0,90.0,90.0,90.0,12.81,1.0073,0.5237,1.1488,95.8,3.18,0.0,0.0,0.0,12.83,0.0,16.3,0.0,0.0
539,100.0,40.0,60.0,80.0,80.0,80.0,80.0,25.22,0.9407,0.4421,1.1488,95.8,3.18,0.26,0.0,0.0,18.67,0.0,16.3,0.0,118.0
540,100.0,60.0,70.0,90.0,90.0,90.0,90.0,21.79,0.9805,0.2948,1.1488,179.72,3.18,0.0,0.0,0.0,18.67,0.0,16.3,0.0,0.0
541,100.0,70.0,80.0,90.0,90.0,90.0,90.0,11.53,1.022,0.5237,1.1488,95.8,3.18,0.0,0.0,0.0,0.0,0.0,16.3,0.0,0.0
542,100.0,60.0,80.0,90.0,90.0,90.0,90.0,12.16,1.0147,0.5237,1.1268,95.8,4.02,0.0,0.0,0.0,7.4,0.0,14.35,0.0,0.0
543,100.0,50.0,70.0,80.0,80.0,80.0,80.0,35.42,0.925,0.2948,1.1488,179.72,3.18,0.0,0.0,0.0,7.4,0.0,16.3,0.0,147.59
544,100.0,50.0,80.0,80.0,80.0,80.0,80.0,17.48,0.9767,0.5237,1.1268,95.8,4.02,0.26,0.0,0.0,7.4,0.0,67.27,0.0,0.0
545,100.0,50.0,60.0,70.0,70.0,70.0,70.0,38.85,0.8838,0.2948,1.1268,179.72,4.02,0.0,0.0,0.0,12.83,120.1,71.79,0.0,0.0
546,90.0,50.0,60.0,70.0,70.0,70.0,70.0,19.77,0.7432,-1.2389,1.1268,95.8,4.02,0.0,0.0,0.0,12.83,-,65.32,0.0,0.0
547,90.0,50.0,70.0,80.0,80.0,80.0,80.0,13.41,0.7897,-1.2389,1.1488,95.8,3.18,0.0,0.0,0.0,7.4,-,14.35,0.0,0.0
548,100.0,60.0,90.0,90.0,90.0,90.0,90.0,11.1,1.0268,0.5237,1.1561,95.8,3.18,0.0,0.0,0.0,7.4,0.0,4.59,0.0,0.0
549,100.0,50.0,70.0,70.0,70.0,70.0,70.0,30.1,0.9095,0.4721,1.1488,95.8,3.18,0.0,0.0,0.0,7.4,84.29,110.31,0.0,0.0
550,100.0,50.0,70.0,70.0,70.0,70.0,70.0,30.16,0.9092,0.4721,1.1488,96.43,3.18,0.0,0.0,0.0,7.4,84.29,110.31,0.0,0.0
551,100.0,40.0,40.0,60.0,70.0,70.0,80.0,36.79,0.88,0.4072,1.1178,95.8,28.65,159.31,0.0,0.0,18.67,0.0,16.3,0.0,49.16
552,100.0,50.0,70.0,80.0,80.0,80.0,80.0,28.2,0.9465,0.4072,1.1488,95.8,3.18,159.31,0.0,0.0,7.4,0.0,16.3,0.0,0.0
553,100.0,40.0,50.0,80.0,80.0,80.0,80.0,21.74,0.9454,0.5214,1.1488,96.43,3.18,0.0,19.46,0.0,18.67,0.0,16.3,0.0,63.4
554,100.0,60.0,70.0,80.0,80.0,80.0,80.0,18.64,0.9652,0.5214,1.1268,96.43,4.02,0.0,0.0,0.0,18.67,0.0,67.27,0.0,0.0
555,100.0,60.0,60.0,80.0,90.0,90.0,90.0,15.7,0.983,0.5214,1.1178,96.43,25.62,0.0,0.0,0.0,18.67,0.0,16.3,0.0,0.0
556,100.0,60.0,60.0,80.0,90.0,90.0,90.0,24.33,0.9584,0.2948,1.1178,179.72,28.65,0.0,0.0,0.0,18.67,0.0,16.3,0.0,0.0
557,100.0,50.0,70.0,80.0,80.0,80.0,80.0,17.6,0.9781,0.5237,1.1488,95.8,3.18,0.26,0.0,0.0,62.41,0.0,14.35,0.0,0.0
558,100.0,40.0,50.0,70.0,70.0,70.0,70.0,31.81,0.9019,0.4363,1.1488,96.43,3.18,0.0,0.0,0.0,18.67,120.1,16.3,0.0,63.4
559,100.0,40.0,60.0,70.0,80.0,80.0,80.0,21.32,0.9499,0.5237,1.1488,95.8,3.18,0.26,29.37,0.0,68.3,0.0,16.3,0.0,0.0
560,100.0,50.0,70.0,70.0,70.0,70.0,80.0,29.58,0.9272,0.3931,1.1488,96.43,3.18,0.0,0.0,0.0,7.4,0.0,46.76,0.0,142.08
561,100.0,50.0,70.0,70.0,70.0,70.0,80.0,21.72,0.9527,0.5214,1.1488,96.43,3.18,0.0,0.0,0.0,7.4,0.0,46.76,0.0,63.4
562,100.0,50.0,60.0,70.0,70.0,70.0,80.0,22.26,0.9449,0.5214,1.1488,96.43,3.18,0.0,0.0,0.0,12.83,0.0,46.76,0.0,63.4
563,100.0,60.0,80.0,90.0,90.0,90.0,90.0,12.27,1.0152,0.5237,1.1488,95.8,3.18,0.0,0.0,0.0,7.4,0.0,16.3,0.0,0.0
564,100.0,60.0,80.0,90.0,90.0,90.0,90.0,12.27,1.0152,0.5237,1.1488,95.8,3.18,0.0,0.0,0.0,7.4,0.0,16.3,0.0,0.0
565,100.0,60.0,80.0,90.0,90.0,90.0,90.0,12.27,1.0152,0.5237,1.1488,95.8,3.18,0.0,0.0,0.0,7.4,0.0,16.3,0.0,0.0
566,100.0,60.0,80.0,90.0,90.0,90.0,90.0,12.27,1.0152,0.5237,1.1488,95.8,3.18,0.0,0.0,0.0,7.4,0.0,16.3,0.0,0.0
567,100.0,40.0,60.0,80.0,80.0,80.0,90.0,19.13,0.9664,0.5237,1.1488,95.8,3.18,0.0,19.46,0.0,7.4,0.0,16.3,0.0,49.16
568,100.0,40.0,50.0,80.0,80.0,80.0,90.0,20.23,0.9549,0.5237,1.1488,95.8,3.18,0.0,19.46,0.0,18.67,0.0,16.05,0.0,49.16
569,100.0,50.0,70.0,80.0,80.0,80.0,90.0,17.18,0.9825,0.5237,1.1488,95.8,3.18,0.0,0.0,0.0,7.4,0.0,16.3,0.0,49.16
570,100.0,40.0,50.0,80.0,80.0,80.0,90.0,20.26,0.9545,0.5237,1.1488,95.8,3.18,0.0,19.46,0.0,18.67,0.0,16.3,0.0,49.16
571,100.0,30.0,40.0,70.0,80.0,80.0,90.0,22.83,0.932,0.5237,1.0885,95.8,28.65,0.26,19.46,0.0,18.67,0.0,16.3,0.0,49.16
572,100.0,50.0,70.0,80.0,80.0,80.0,90.0,17.18,0.9825,0.5237,1.1488,95.8,3.18,0.0,0.0,0.0,7.4,0.0,16.3,0.0,49.16
573,100.0,40.0,60.0,80.0,80.0,80.0,90.0,18.34,0.9702,0.5237,1.1488,95.8,3.18,0.26,0.0,0.0,18.67,0.0,16.3,0.0,49.16
574,100.0,30.0,60.0,70.0,70.0,70.0,80.0,24.0,0.9254,0.5237,1.1488,95.8,3.18,0.26,67.92,0.0,7.4,0.0,16.3,0.0,49.16
575,100.0,40.0,60.0,80.0,80.0,80.0,90.0,18.34,0.9702,0.5237,1.1488,95.8,3.18,0.26,0.0,0.0,18.67,0.0,16.3,0.0,49.16
576,100.0,50.0,70.0,80.0,80.0,80.0,90.0,16.99,0.9843,0.5237,1.1488,95.8,3.18,0.0,0.0,0.0,7.4,0.0,14.35,0.0,49.16
577,100.0,50.0,60.0,80.0,80.0,80.0,90.0,26.66,0.9485,0.2948,1.1519,179.72,3.05,0.0,0.0,0.0,18.67,0.0,16.05,0.0,49.16
578,100.0,50.0,70.0,80.0,80.0,80.0,90.0,17.15,0.9832,0.5237,1.1519,95.8,3.05,0.0,0.0,0.0,7.4,0.0,16.05,0.0,49.16
579,100.0,50.0,70.0,80.0,80.0,80.0,90.0,17.15,0.9832,0.5237,1.1519,95.8,3.05,0.0,0.0,0.0,7.4,0.0,16.05,0.0,49.16
580,100.0,40.0,60.0,80.0,80.0,80.0,80.0,25.84,0.9353,0.3817,1.1519,95.8,3.05,0.26,0.0,0.0,18.67,0.0,16.05,0.0,124.62
581,100.0,40.0,70.0,70.0,70.0,70.0,80.0,22.37,0.944,0.5237,1.1268,95.8,4.02,0.26,0.0,0.0,7.4,0.0,67.02,0.0,49.16
582,100.0,40.0,60.0,60.0,70.0,70.0,80.0,24.91,0.9218,0.5237,1.1178,95.8,29.49,0.26,0.0,0.0,7.4,0.0,67.02,0.0,49.16
583,100.0,40.0,60.0,80.0,80.0,80.0,80.0,25.84,0.9353,0.3817,1.1519,95.8,3.05,0.26,0.0,0.0,18.67,0.0,16.05,0.0,124.62
584,100.0,40.0,70.0,70.0,70.0,70.0,80.0,22.37,0.944,0.5237,1.1268,95.8,4.02,0.26,0.0,0.0,7.4,0.0,67.02,0.0,49.16
585,100.0,40.0,70.0,70.0,70.0,70.0,80.0,30.76,0.9211,0.2948,1.1268,179.72,4.02,0.26,0.0,0.0,7.4,0.0,67.02,0.0,49.16
586,100.0,50.0,70.0,70.0,70.0,70.0,70.0,51.41,0.8609,0.1296,1.1268,179.72,4.02,0.0,0.0,0.0,7.4,0.0,67.02,0.0,255.91
587,100.0,50.0,80.0,80.0,80.0,80.0,80.0,25.87,0.9538,0.2948,1.1268,179.72,4.02,0.26,0.0,0.0,7.4,0.0,67.27,0.0,0.0
588,100.0,40.0,60.0,80.0,80.0,80.0,80.0,34.24,0.9125,0.2948,1.1519,179.72,3.05,0.26,0.0,0.0,18.67,0.0,16.05,0.0,124.62
589,100.0,40.0,70.0,80.0,80.0,80.0,90.0,25.56,0.9598,0.2948,1.1519,179.72,3.05,0.26,0.0,0.0,7.4,0.0,16.05,0.0,49.16
590,100.0,40.0,70.0,80.0,80.0,80.0,90.0,25.56,0.9598,0.2948,1.1519,179.72,3.05,0.26,0.0,0.0,7.4,0.0,16.05,0.0,49.16
591,100.0,50.0,70.0,80.0,80.0,80.0,90.0,25.54,0.9603,0.2948,1.1519,179.72,3.05,0.0,0.0,0.0,7.4,0.0,16.05,0.0,49.16
592,100.0,40.0,70.0,80.0,80.0,80.0,80.0,38.92,0.9155,0.2936,1.1519,179.72,3.05,0.26,0.0,0.0,7.4,0.0,16.05,0.0,182.68
593,100.0,60.0,80.0,90.0,90.0,90.0,90.0,12.27,1.0152,0.5237,1.1488,95.8,3.18,0.0,0.0,0.0,7.4,0.0,16.3,0.0,0.0
594,100.0,60.0,70.0,90.0,90.0,90.0,90.0,21.76,0.9808,0.2948,1.1488,179.72,3.18,0.0,0.0,0.0,18.67,0.0,16.05,0.0,0.0
595,100.0,40.0,60.0,90.0,90.0,90.0,90.0,23.76,0.9638,0.2948,1.1488,179.72,3.18,0.26,19.46,0.0,18.67,0.0,16.3,0.0,0.0
596,100.0,60.0,80.0,90.0,90.0,90.0,90.0,12.27,1.0152,0.5237,1.1488,95.8,3.18,0.0,0.0,0.0,7.4,0.0,16.3,0.0,0.0
597,100.0,60.0,80.0,90.0,90.0,90.0,90.0,20.64,0.9926,0.2948,1.1488,179.72,3.18,0.0,0.0,0.0,7.4,0.0,16.05,0.0,0.0
598,100.0,50.0,80.0,90.0,90.0,90.0,90.0,20.69,0.9918,0.2948,1.1488,179.72,3.18,0.26,0.0,0.0,7.4,0.0,16.3,0.0,0.0
599,100.0,60.0,80.0,90.0,90.0,90.0,90.0,20.64,0.9926,0.2948,1.1488,179.72,3.18,0.0,0.0,0.0,7.4,0.0,16.05,0.0,0.0
600,100.0,50.0,80.0,90.0,90.0,90.0,90.0,12.29,1.0146,0.5237,1.1488,95.8,3.18,0.26,0.0,0.0,7.4,0.0,16.3,0.0,0.0
601,100.0,40.0,70.0,80.0,80.0,80.0,80.0,18.63,0.9731,0.5237,1.1488,95.8,3.18,0.26,0.0,0.0,7.4,0.0,16.3,0.0,63.4
602,100.0,50.0,80.0,90.0,90.0,90.0,90.0,12.29,1.0146,0.5237,1.1488,95.8,3.18,0.26,0.0,0.0,7.4,0.0,16.3,0.0,0.0
603,100.0,30.0,60.0,80.0,80.0,80.0,90.0,19.16,0.9658,0.5237,1.1488,95.8,3.18,0.26,19.46,0.0,7.4,0.0,16.3,0.0,49.16
604,100.0,40.0,70.0,80.0,80.0,80.0,80.0,24.76,0.9465,0.3817,1.1488,95.8,3.18,0.26,0.0,0.0,7.4,0.0,16.3,0.0,124.62
605,100.0,30.0,60.0,80.0,80.0,80.0,80.0,20.58,0.9569,0.5237,1.1488,95.8,3.18,0.26,19.46,0.0,7.4,0.0,16.3,0.0,63.4
606,100.0,40.0,70.0,90.0,90.0,90.0,90.0,14.01,1.001,0.5237,1.1519,95.8,3.05,0.26,19.46,0.0,7.4,0.0,14.1,0.0,0.0
607,100.0,40.0,60.0,80.0,80.0,80.0,90.0,19.19,0.9661,0.5214,1.1488,96.43,3.18,0.0,19.46,0.0,7.4,0.0,16.3,0.0,49.16
608,100.0,60.0,90.0,90.0,90.0,90.0,90.0,11.16,1.0266,0.5214,1.1561,96.43,3.18,0.0,0.0,0.0,7.4,0.0,4.59,0.0,0.0
609,100.0,30.0,50.0,80.0,80.0,80.0,90.0,20.69,0.9516,0.5237,1.1561,95.8,18.97,0.26,19.46,0.0,18.67,0.0,4.59,0.0,49.16
610,100.0,50.0,80.0,80.0,80.0,80.0,80.0,30.05,0.9423,0.2209,1.1561,96.43,3.18,0.0,0.0,0.0,7.4,0.0,4.59,0.0,188.91
611,100.0,60.0,80.0,90.0,90.0,90.0,90.0,9.79,1.0233,0.605,1.1488,71.06,3.18,0.0,0.0,0.0,7.4,0.0,16.3,0.0,0.0
612,100.0,60.0,80.0,80.0,80.0,80.0,90.0,15.31,0.9945,0.5237,1.1488,95.8,3.18,0.0,0.0,0.0,7.4,0.0,46.76,0.0,0.0
613,100.0,50.0,80.0,80.0,80.0,80.0,90.0,15.4,0.9938,0.5214,1.1488,96.43,3.18,0.26,0.0,0.0,7.4,0.0,46.76,0.0,0.0
614,100.0,60.0,80.0,90.0,90.0,90.0,90.0,12.29,1.0156,0.5214,1.1519,96.43,3.05,0.0,0.0,0.0,7.4,0.0,16.05,0.0,0.0
615,100.0,50.0,80.0,80.0,80.0,80.0,80.0,20.58,0.9634,0.5214,1.1268,96.43,4.02,0.26,0.0,0.0,7.4,0.0,97.73,0.0,0.0
616,100.0,50.0,80.0,80.0,80.0,80.0,80.0,20.58,0.9634,0.5214,1.1268,96.43,4.02,0.26,0.0,0.0,7.4,0.0,97.73,0.0,0.0
617,100.0,40.0,60.0,80.0,80.0,80.0,90.0,18.76,0.9669,0.5237,1.1519,95.8,3.05,0.31,0.0,0.0,18.67,0.0,20.57,0.0,49.16
618,100.0,50.0,80.0,90.0,90.0,90.0,90.0,12.1,1.0164,0.5237,1.1488,95.8,3.18,0.26,0.0,0.0,7.4,0.0,14.35,0.0,0.0
619,100.0,50.0,80.0,90.0,90.0,90.0,90.0,12.26,1.0153,0.5237,1.1519,95.8,3.05,0.26,0.0,0.0,7.4,0.0,16.05,0.0,0.0
620,100.0,50.0,80.0,90.0,90.0,90.0,90.0,12.06,1.0171,0.5237,1.1519,95.8,3.05,0.26,0.0,0.0,7.4,0.0,14.1,0.0,0.0
621,100.0,40.0,70.0,80.0,80.0,80.0,90.0,17.64,0.9776,0.5237,1.1488,95.8,3.18,0.26,0.0,0.0,7.4,0.0,20.57,0.0,49.16
622,100.0,60.0,70.0,80.0,90.0,90.0,90.0,15.11,0.9897,0.5237,1.1178,95.8,27.04,0.0,0.0,0.0,7.4,0.0,20.82,0.0,0.0
623,100.0,50.0,70.0,80.0,80.0,80.0,90.0,17.6,0.9785,0.5237,1.1519,95.8,3.05,0.0,0.0,0.0,7.4,0.0,20.57,0.0,49.16
624,100.0,40.0,70.0,80.0,80.0,80.0,90.0,17.21,0.982,0.5237,1.1488,95.8,3.18,0.26,0.0,0.0,7.4,0.0,16.3,0.0,49.16
625,100.0,60.0,80.0,90.0,90.0,90.0,90.0,12.14,1.0167,0.5214,1.1488,96.43,3.18,0.0,0.0,0.0,7.4,0.0,14.35,0.0,0.0
626,100.0,40.0,70.0,80.0,80.0,80.0,80.0,22.21,0.9591,0.5214,1.1519,96.43,3.05,4.6,0.0,0.0,7.4,0.0,14.1,0.0,96.53
627,100.0,40.0,70.0,70.0,70.0,70.0,70.0,25.49,0.9345,0.5237,1.1561,95.8,3.18,4.6,0.0,0.0,62.41,84.29,4.59,0.0,0.0
628,100.0,40.0,70.0,80.0,80.0,80.0,90.0,25.37,0.9624,0.2948,1.1519,179.72,3.05,0.31,0.0,0.0,7.4,0.0,14.1,0.0,49.16
629,100.0,50.0,80.0,90.0,90.0,90.0,90.0,20.92,0.989,0.2948,1.1488,179.72,3.18,4.6,0.0,0.0,7.4,0.0,14.35,0.0,0.0
630,100.0,50.0,80.0,90.0,90.0,90.0,90.0,12.3,1.0154,0.5237,1.1488,95.8,3.18,0.31,0.0,0.0,7.4,0.0,16.3,0.0,0.0
631,100.0,50.0,70.0,80.0,80.0,80.0,80.0,27.2,0.9492,0.4094,1.1519,95.8,3.05,151.7,0.0,0.0,7.4,0.0,14.1,0.0,0.0
632,100.0,50.0,70.0,80.0,80.0,80.0,80.0,31.84,0.9369,0.3114,1.1488,95.8,3.18,195.75,0.0,0.0,7.4,0.0,16.3,0.0,0.0
633,90.0,40.0,60.0,60.0,60.0,70.0,70.0,22.93,0.716,-1.339,1.1519,95.8,3.05,-,0.0,0.0,7.4,0.0,36.7,0.0,63.4
634,100.0,40.0,70.0,70.0,70.0,70.0,70.0,79.44,0.8403,0.0838,1.1488,95.8,3.18,0.31,0.0,0.0,7.4,467.22,220.48,0.0,0.0
635,100.0,50.0,60.0,80.0,90.0,90.0,90.0,23.93,0.9598,0.2948,1.1178,179.72,25.62,0.31,0.0,0.0,12.83,0.0,20.82,0.0,0.0
636,100.0,50.0,70.0,80.0,90.0,90.0,90.0,14.54,0.9945,0.5237,1.1178,95.8,25.62,0.26,0.0,0.0,7.4,0.0,16.3,0.0,0.0
637,100.0,50.0,60.0,80.0,90.0,90.0,90.0,14.53,0.9917,0.5237,1.1178,95.8,22.02,0.26,0.0,0.0,12.83,0.0,14.35,0.0,0.0
638,100.0,50.0,80.0,90.0,90.0,90.0,90.0,12.29,1.0146,0.5237,1.1488,95.8,3.18,0.26,0.0,0.0,7.4,0.0,16.3,0.0,0.0
639,100.0,40.0,70.0,80.0,80.0,80.0,80.0,18.7,0.9723,0.5237,1.1488,95.8,3.18,0.26,0.0,0.0,7.4,0.0,16.3,0.0,64.03
640,100.0,40.0,70.0,80.0,80.0,80.0,80.0,18.5,0.9746,0.5214,1.1488,96.43,3.18,0.26,0.0,0.0,7.4,0.0,14.35,0.0,63.4
641,100.0,40.0,70.0,80.0,80.0,80.0,80.0,24.42,0.9509,0.4257,1.1488,95.8,3.18,0.26,0.0,0.0,7.4,0.0,16.3,0.0,121.21
642,100.0,40.0,60.0,80.0,80.0,80.0,80.0,26.4,0.9297,0.3817,1.1488,96.43,3.18,0.26,0.0,0.0,18.67,0.0,20.82,0.0,124.62
643,100.0,40.0,60.0,80.0,80.0,80.0,80.0,19.59,0.9587,0.5214,1.1488,96.43,3.18,0.26,0.0,0.0,18.67,0.0,20.82,0.0,56.54
644,100.0,40.0,70.0,70.0,70.0,70.0,80.0,21.45,0.9585,0.5237,1.1561,95.8,3.18,0.26,0.0,0.0,61.51,0.0,4.59,0.0,49.16
645,90.0,30.0,40.0,50.0,50.0,60.0,70.0,31.72,0.6767,-1.1481,1.1178,96.43,-,0.26,0.0,0.0,18.67,84.29,36.7,0.0,49.16
646,100.0,40.0,70.0,70.0,70.0,70.0,80.0,22.39,0.9441,0.5237,1.1268,95.8,4.02,0.26,0.0,0.0,7.4,0.0,67.27,0.0,49.16
647,100.0,20.0,40.0,60.0,60.0,60.0,60.0,61.2,0.8093,0.2948,1.1519,179.72,3.05,0.26,0.0,171.83,12.83,0.0,16.05,171.7,56.54
648,90.0,20.0,30.0,50.0,50.0,50.0,50.0,58.39,0.6018,-1.0831,1.1178,179.72,-,0.26,0.0,171.83,12.83,0.0,20.57,83.75,56.54
649,100.0,50.0,60.0,80.0,80.0,80.0,80.0,27.27,0.9413,0.2948,1.1519,179.72,3.05,0.0,0.0,0.0,12.83,0.0,20.57,0.0,56.54
650,90.0,50.0,60.0,80.0,80.0,80.0,80.0,14.74,0.7576,-1.4165,1.1488,95.8,3.18,0.0,0.0,0.0,12.83,-,20.82,0.0,0.0
651,100.0,40.0,60.0,80.0,80.0,80.0,80.0,18.94,0.963,0.5237,1.1488,95.8,3.18,0.26,0.0,0.0,12.83,0.0,20.82,0.0,56.54
652,100.0,60.0,80.0,90.0,90.0,90.0,90.0,12.27,1.0152,0.5237,1.1488,95.8,3.18,0.0,0.0,0.0,7.4,0.0,16.3,0.0,0.0
653,100.0,50.0,80.0,90.0,90.0,90.0,90.0,12.29,1.0146,0.5237,1.1488,95.8,3.18,0.26,0.0,0.0,7.4,0.0,16.3,0.0,0.0
654,100.0,50.0,80.0,80.0,80.0,80.0,80.0,17.54,0.9765,0.5214,1.1268,96.43,4.02,0.26,0.0,0.0,7.4,0.0,67.27,0.0,0.0
655,100.0,50.0,70.0,80.0,80.0,80.0,90.0,17.25,0.9823,0.5214,1.1488,96.43,3.18,0.0,0.0,0.0,7.4,0.0,16.3,0.0,49.16
656,100.0,60.0,80.0,80.0,80.0,80.0,80.0,17.43,0.9792,0.5214,1.1488,96.43,3.18,0.0,0.0,0.0,7.4,0.0,67.27,0.0,0.0
657,100.0,50.0,70.0,80.0,80.0,80.0,90.0,25.54,0.9603,0.2948,1.1519,179.72,3.05,0.0,0.0,0.0,7.4,0.0,16.05,0.0,49.16
658,100.0,60.0,80.0,90.0,90.0,90.0,90.0,12.27,1.0152,0.5237,1.1488,95.8,3.18,0.0,0.0,0.0,7.4,0.0,16.3,0.0,0.0
659,100.0,60.0,80.0,90.0,90.0,90.0,90.0,12.27,1.0152,0.5237,1.1488,95.8,3.18,0.0,0.0,0.0,7.4,0.0,16.3,0.0,0.0
660,100.0,40.0,70.0,80.0,80.0,80.0,90.0,17.66,0.9773,0.5237,1.1488,95.8,3.18,0.26,0.0,0.0,7.4,0.0,20.82,0.0,49.16
661,100.0,50.0,80.0,90.0,90.0,90.0,90.0,12.75,1.0099,0.5237,1.1488,95.8,3.18,0.26,0.0,0.0,7.4,0.0,20.82,0.0,0.0
662,100.0,50.0,80.0,80.0,80.0,80.0,80.0,17.84,0.9758,0.5237,1.1488,95.8,3.18,0.26,0.0,0.0,7.4,0.0,71.79,0.0,0.0
663,100.0,40.0,70.0,80.0,80.0,80.0,90.0,17.64,0.9776,0.5237,1.1488,95.8,3.18,0.26,0.0,0.0,7.4,0.0,20.57,0.0,49.16
664,100.0,50.0,90.0,90.0,90.0,90.0,90.0,11.59,1.0214,0.5237,1.1519,95.8,3.05,0.26,0.0,0.0,7.4,0.0,9.41,0.0,0.0
665,100.0,40.0,70.0,80.0,80.0,80.0,90.0,17.21,0.982,0.5237,1.1488,95.8,3.18,0.26,0.0,0.0,7.4,0.0,16.3,0.0,49.16
666,100.0,40.0,70.0,80.0,80.0,80.0,90.0,17.21,0.982,0.5237,1.1488,95.8,3.18,0.26,0.0,0.0,7.4,0.0,16.3,0.0,49.16
667,100.0,40.0,70.0,70.0,70.0,70.0,80.0,22.39,0.9441,0.5237,1.1268,95.8,4.02,0.26,0.0,0.0,7.4,0.0,67.27,0.0,49.16
668,100.0,50.0,80.0,80.0,80.0,80.0,80.0,17.48,0.9767,0.5237,1.1268,95.8,4.02,0.26,0.0,0.0,7.4,0.0,67.27,0.0,0.0
669,100.0,40.0,70.0,80.0,80.0,80.0,90.0,17.21,0.982,0.5237,1.1488,95.8,3.18,0.26,0.0,0.0,7.4,0.0,16.3,0.0,49.16
670,100.0,50.0,80.0,80.0,80.0,80.0,80.0,25.87,0.9538,0.2948,1.1268,179.72,4.02,0.26,0.0,0.0,7.4,0.0,67.27,0.0,0.0
671,100.0,40.0,70.0,70.0,70.0,70.0,80.0,31.24,0.9181,0.2948,1.1268,179.72,4.02,0.26,0.0,0.0,7.4,0.0,71.79,0.0,49.16
672,100.0,30.0,60.0,70.0,70.0,70.0,80.0,38.06,0.8947,0.2948,1.1488,179.72,3.18,0.26,0.0,0.0,7.4,120.1,20.82,0.0,49.16
673,100.0,40.0,70.0,80.0,80.0,80.0,90.0,17.21,0.982,0.5237,1.1488,95.8,3.18,0.26,0.0,0.0,7.4,0.0,16.3,0.0,49.16
674,100.0,40.0,70.0,80.0,80.0,80.0,90.0,17.21,0.982,0.5237,1.1488,95.8,3.18,0.26,0.0,0.0,7.4,0.0,16.3,0.0,49.16
675,100.0,50.0,70.0,80.0,80.0,80.0,90.0,25.54,0.9603,0.2948,1.1519,179.72,3.05,0.0,0.0,0.0,7.4,0.0,16.05,0.0,49.16
676,100.0,50.0,80.0,90.0,90.0,90.0,90.0,20.49,0.9935,0.2948,1.1488,179.72,3.18,0.26,0.0,0.0,7.4,0.0,14.35,0.0,0.0
677,100.0,40.0,70.0,80.0,80.0,80.0,90.0,14.7,0.9908,0.605,1.1519,71.06,3.05,0.26,0.0,0.0,7.4,0.0,16.05,0.0,49.16
678,100.0,50.0,80.0,90.0,90.0,90.0,90.0,12.06,1.0171,0.5237,1.1519,95.8,3.05,0.26,0.0,0.0,7.4,0.0,14.1,0.0,0.0
679,100.0,50.0,80.0,90.0,90.0,90.0,90.0,12.29,1.0146,0.5237,1.1488,95.8,3.18,0.26,0.0,0.0,7.4,0.0,16.3,0.0,0.0
680,100.0,50.0,70.0,70.0,80.0,80.0,80.0,26.76,0.9461,0.2948,1.1178,179.72,28.86,0.31,0.0,0.0,7.4,0.0,51.28,0.0,0.0
681,100.0,50.0,80.0,90.0,90.0,90.0,90.0,20.69,0.9918,0.2948,1.1488,179.72,3.18,0.26,0.0,0.0,7.4,0.0,16.3,0.0,0.0
682,100.0,40.0,70.0,80.0,80.0,80.0,80.0,33.15,0.9273,0.2948,1.1488,179.72,3.18,0.26,0.0,0.0,7.4,120.1,20.82,0.0,0.0
683,100.0,50.0,70.0,70.0,80.0,80.0,90.0,26.23,0.95,0.2948,1.1178,179.72,28.6,0.26,0.0,0.0,7.4,0.0,46.34,0.0,0.0
684,100.0,40.0,60.0,60.0,70.0,70.0,90.0,31.56,0.9136,0.2948,1.1178,179.72,28.47,0.26,0.0,0.0,7.4,0.0,50.61,0.0,49.16
685,100.0,40.0,70.0,80.0,80.0,80.0,90.0,17.62,0.9779,0.5237,1.1519,95.8,3.05,0.26,0.0,0.0,7.4,0.0,20.57,0.0,49.16
686,100.0,40.0,60.0,60.0,70.0,70.0,80.0,23.61,0.932,0.5237,1.1178,95.8,29.49,0.26,0.0,0.0,7.4,0.0,54.01,0.0,49.16
687,100.0,50.0,80.0,90.0,90.0,90.0,90.0,12.26,1.0136,0.5237,1.1389,95.8,2.82,0.26,0.0,0.0,7.4,0.0,16.3,0.0,0.0
688,100.0,50.0,70.0,80.0,90.0,90.0,90.0,13.88,0.9988,0.5237,1.1389,95.8,2.82,0.26,0.0,0.0,23.83,0.0,16.05,0.0,0.0
689,100.0,40.0,70.0,90.0,90.0,90.0,90.0,14.66,0.9928,0.5237,1.1389,95.8,2.82,0.26,19.46,0.0,7.4,0.0,20.82,0.0,0.0
690,100.0,40.0,60.0,70.0,70.0,70.0,70.0,34.79,0.8747,0.2333,1.0885,95.8,153.07,0.26,19.46,0.0,7.4,0.0,71.89,0.0,0.0
691,100.0,30.0,60.0,80.0,80.0,80.0,90.0,19.57,0.9626,0.5237,1.1519,95.8,3.05,0.31,19.46,0.0,7.4,0.0,20.57,0.0,49.16
692,100.0,30.0,60.0,80.0,80.0,80.0,90.0,19.12,0.9673,0.5237,1.1519,95.8,3.05,0.31,19.46,0.0,7.4,0.0,16.05,0.0,49.16
693,100.0,40.0,70.0,80.0,80.0,80.0,90.0,17.17,0.9827,0.5237,1.1519,95.8,3.05,0.26,0.0,0.0,7.4,0.0,16.05,0.0,49.16
694,100.0,40.0,70.0,80.0,80.0,80.0,90.0,17.21,0.982,0.5237,1.1488,95.8,3.18,0.26,0.0,0.0,7.4,0.0,16.3,0.0,49.16
695,100.0,50.0,80.0,90.0,90.0,90.0,90.0,12.29,1.0146,0.5237,1.1488,95.8,3.18,0.26,0.0,0.0,7.4,0.0,16.3,0.0,0.0
696,100.0,40.0,70.0,80.0,80.0,80.0,90.0,17.21,0.982,0.5237,1.1488,95.8,3.18,0.26,0.0,0.0,7.4,0.0,16.3,0.0,49.16
697,100.0,40.0,70.0,90.0,90.0,90.0,90.0,14.3,0.9982,0.5214,1.1488,96.43,3.18,0.26,19.46,0.0,7.4,0.0,16.3,0.0,0.0
698,100.0,40.0,70.0,90.0,90.0,90.0,90.0,14.24,0.9985,0.5237,1.1488,95.8,3.18,0.26,19.46,0.0,7.4,0.0,16.3,0.0,0.0
699,100.0,50.0,80.0,90.0,90.0,90.0,90.0,12.29,1.0146,0.5237,1.1488,95.8,3.18,0.26,0.0,0.0,7.4,0.0,16.3,0.0,0.0
700,100.0,50.0,80.0,90.0,90.0,90.0,90.0,12.29,1.0146,0.5237,1.1488,95.8,3.18,0.26,0.0,0.0,7.4,0.0,16.3,0.0,0.0
701,100.0,50.0,80.0,90.0,90.0,90.0,90.0,12.29,1.0146,0.5237,1.1488,95.8,3.18,0.26,0.0,0.0,7.4,0.0,16.3,0.0,0.0
702,100.0,40.0,70.0,90.0,90.0,90.0,90.0,14.24,0.9985,0.5237,1.1488,95.8,3.18,0.26,19.46,0.0,7.4,0.0,16.3,0.0,0.0
703,100.0,40.0,70.0,90.0,90.0,90.0,90.0,14.3,0.9982,0.5214,1.1488,96.43,3.18,0.26,19.46,0.0,7.4,0.0,16.3,0.0,0.0
704,100.0,40.0,70.0,90.0,90.0,90.0,90.0,14.31,0.999,0.5214,1.1488,96.43,3.18,0.31,19.46,0.0,7.4,0.0,16.3,0.0,0.0
705,100.0,30.0,60.0,80.0,80.0,80.0,90.0,19.12,0.9665,0.5237,1.1519,95.8,3.05,0.26,19.46,0.0,7.4,0.0,16.05,0.0,49.16
706,100.0,40.0,70.0,90.0,90.0,90.0,90.0,14.2,0.9992,0.5237,1.1519,95.8,3.05,0.26,19.46,0.0,7.4,0.0,16.05,0.0,0.0
707,100.0,40.0,70.0,90.0,90.0,90.0,90.0,14.26,0.9989,0.5214,1.1519,96.43,3.05,0.26,19.46,0.0,7.4,0.0,16.05,0.0,0.0
708,100.0,30.0,60.0,80.0,80.0,80.0,90.0,19.22,0.9656,0.5214,1.1488,96.43,3.18,0.26,19.46,0.0,7.4,0.0,16.3,0.0,49.16
709,100.0,50.0,80.0,90.0,90.0,90.0,90.0,12.29,1.0146,0.5237,1.1488,95.8,3.18,0.26,0.0,0.0,7.4,0.0,16.3,0.0,0.0
710,100.0,40.0,70.0,90.0,90.0,90.0,90.0,14.24,0.9985,0.5237,1.1488,95.8,3.18,0.26,19.46,0.0,7.4,0.0,16.3,0.0,0.0
711,100.0,40.0,70.0,90.0,90.0,90.0,90.0,14.04,1.0003,0.5237,1.1488,95.8,3.18,0.26,19.46,0.0,7.4,0.0,14.35,0.0,0.0
712,100.0,50.0,80.0,90.0,90.0,90.0,90.0,12.07,1.0168,0.5237,1.1488,95.8,3.18,0.26,0.0,0.0,7.4,0.0,14.1,0.0,0.0
713,100.0,50.0,80.0,90.0,90.0,90.0,90.0,20.69,0.9918,0.2948,1.1488,179.72,3.18,0.26,0.0,0.0,7.4,0.0,16.3,0.0,0.0
714,100.0,40.0,70.0,80.0,80.0,80.0,90.0,25.6,0.9591,0.2948,1.1488,179.72,3.18,0.26,0.0,0.0,7.4,0.0,16.3,0.0,49.16
715,100.0,40.0,70.0,80.0,80.0,80.0,90.0,17.21,0.982,0.5237,1.1488,95.8,3.18,0.26,0.0,0.0,7.4,0.0,16.3,0.0,49.16
716,100.0,40.0,70.0,80.0,80.0,80.0,90.0,17.21,0.982,0.5237,1.1488,95.8,3.18,0.26,0.0,0.0,7.4,0.0,16.3,0.0,49.16
717,100.0,40.0,70.0,80.0,80.0,80.0,90.0,17.17,0.9827,0.5237,1.1519,95.8,3.05,0.26,0.0,0.0,7.4,0.0,16.05,0.0,49.16
718,100.0,50.0,80.0,90.0,90.0,90.0,90.0,12.27,1.015,0.5237,1.1488,95.8,3.18,0.26,0.0,0.0,7.4,0.0,16.05,0.0,0.0
719,100.0,50.0,80.0,90.0,90.0,90.0,90.0,12.73,1.0101,0.5237,1.1488,95.8,3.18,4.6,0.0,0.0,7.4,0.0,16.3,0.0,0.0
720,100.0,50.0,80.0,90.0,90.0,90.0,90.0,12.51,1.0123,0.5237,1.1488,95.8,3.18,4.6,0.0,0.0,7.4,0.0,14.1,0.0,0.0
721,100.0,30.0,60.0,70.0,80.0,80.0,90.0,19.56,0.9628,0.5237,1.1519,95.8,3.05,0.31,23.87,0.0,7.4,0.0,16.05,0.0,49.16
722,100.0,30.0,60.0,80.0,80.0,80.0,90.0,19.12,0.9673,0.5237,1.1519,95.8,3.05,0.31,19.46,0.0,7.4,0.0,16.05,0.0,49.16
723,100.0,40.0,70.0,90.0,90.0,90.0,90.0,14.24,0.9985,0.5237,1.1488,95.8,3.18,0.26,19.46,0.0,7.4,0.0,16.3,0.0,0.0
724,100.0,50.0,80.0,90.0,90.0,90.0,90.0,12.29,1.0146,0.5237,1.1488,95.8,3.18,0.26,0.0,0.0,7.4,0.0,16.3,0.0,0.0
725,100.0,40.0,70.0,80.0,80.0,80.0,90.0,17.19,0.9832,0.5237,1.1488,95.8,3.18,0.31,0.0,0.0,7.4,0.0,16.05,0.0,49.16
726,100.0,50.0,80.0,90.0,90.0,90.0,90.0,12.29,1.0146,0.5237,1.1488,95.8,3.18,0.26,0.0,0.0,7.4,0.0,16.3,0.0,0.0
727,100.0,50.0,80.0,90.0,90.0,90.0,90.0,12.26,1.0153,0.5237,1.1519,95.8,3.05,0.26,0.0,0.0,7.4,0.0,16.05,0.0,0.0
728,100.0,50.0,80.0,90.0,90.0,90.0,90.0,12.29,1.0146,0.5237,1.1488,95.8,3.18,0.26,0.0,0.0,7.4,0.0,16.3,0.0,0.0
729,100.0,50.0,80.0,80.0,80.0,80.0,80.0,17.48,0.9767,0.5237,1.1268,95.8,4.02,0.26,0.0,0.0,7.4,0.0,67.27,0.0,0.0
730,100.0,40.0,60.0,70.0,80.0,80.0,90.0,19.72,0.9602,0.5237,1.1178,95.8,28.52,0.26,0.0,0.0,7.4,0.0,16.05,0.0,49.16
731,100.0,40.0,60.0,70.0,80.0,80.0,90.0,19.72,0.9602,0.5237,1.1178,95.8,28.52,0.26,0.0,0.0,7.4,0.0,16.05,0.0,49.16
732,100.0,40.0,70.0,80.0,80.0,80.0,90.0,17.17,0.9827,0.5237,1.1519,95.8,3.05,0.26,0.0,0.0,7.4,0.0,16.05,0.0,49.16
733,100.0,50.0,70.0,80.0,90.0,90.0,90.0,14.84,0.9911,0.5237,1.1178,95.8,28.92,0.26,0.0,0.0,7.4,0.0,16.05,0.0,0.0
734,100.0,50.0,80.0,90.0,90.0,90.0,90.0,12.23,1.014,0.5237,1.1389,95.8,2.82,0.26,0.0,0.0,7.4,0.0,16.05,0.0,0.0
735,100.0,50.0,80.0,90.0,90.0,90.0,90.0,12.3,1.0138,0.5214,1.1389,96.43,2.82,0.26,0.0,0.0,7.4,0.0,16.05,0.0,0.0
736,100.0,50.0,80.0,90.0,90.0,90.0,90.0,12.26,1.0153,0.5237,1.1519,95.8,3.05,0.26,0.0,0.0,7.4,0.0,16.05,0.0,0.0
737,100.0,50.0,80.0,90.0,90.0,90.0,90.0,9.78,1.0235,0.605,1.1519,71.06,3.05,0.26,0.0,0.0,7.4,0.0,16.05,0.0,0.0
738,100.0,50.0,80.0,90.0,90.0,90.0,90.0,12.29,1.0146,0.5237,1.1488,95.8,3.18,0.26,0.0,0.0,7.4,0.0,16.3,0.0,0.0
739,100.0,50.0,80.0,90.0,90.0,90.0,90.0,12.1,1.0164,0.5237,1.1488,95.8,3.18,0.26,0.0,0.0,7.4,0.0,14.35,0.0,0.0
740,100.0,50.0,80.0,90.0,90.0,90.0,90.0,9.82,1.0228,0.605,1.1488,71.06,3.18,0.26,0.0,0.0,7.4,0.0,16.3,0.0,0.0
741,100.0,60.0,80.0,90.0,90.0,90.0,90.0,8.89,1.0314,0.605,1.1488,71.06,3.18,0.26,0.0,0.0,0.0,0.0,14.35,0.0,0.0
742,100.0,50.0,80.0,90.0,90.0,90.0,90.0,9.59,1.0253,0.605,1.1519,71.06,3.05,0.26,0.0,0.0,7.4,0.0,14.1,0.0,0.0
743,100.0,40.0,60.0,80.0,80.0,80.0,80.0,23.21,0.9446,0.3817,1.1488,71.06,3.18,0.26,0.0,0.0,18.67,0.0,14.35,0.0,124.62
744,100.0,50.0,80.0,90.0,90.0,90.0,90.0,12.36,1.0144,0.5214,1.1488,96.43,3.18,0.26,0.0,0.0,7.4,0.0,16.3,0.0,0.0
745,100.0,50.0,80.0,90.0,90.0,90.0,90.0,12.36,1.0144,0.5214,1.1488,96.43,3.18,0.26,0.0,0.0,7.4,0.0,16.3,0.0,0.0
746,100.0,50.0,80.0,90.0,90.0,90.0,90.0,12.16,1.0162,0.5214,1.1488,96.43,3.18,0.26,0.0,0.0,7.4,0.0,14.35,0.0,0.0
747,100.0,50.0,80.0,90.0,90.0,90.0,90.0,12.36,1.0144,0.5214,1.1488,96.43,3.18,0.26,0.0,0.0,7.4,0.0,16.3,0.0,0.0
748,100.0,50.0,70.0,90.0,90.0,90.0,90.0,13.48,1.0026,0.5214,1.1488,96.43,3.18,0.26,0.0,0.0,18.67,0.0,16.3,0.0,0.0
749,100.0,50.0,70.0,80.0,90.0,90.0,90.0,13.81,1.001,0.5214,1.1488,96.43,3.18,0.26,0.0,0.0,23.83,0.0,14.35,0.0,0.0
750,100.0,50.0,70.0,80.0,90.0,90.0,90.0,13.77,1.0017,0.5214,1.1519,96.43,3.05,0.26,0.0,0.0,23.83,0.0,14.1,0.0,0.0
751,100.0,40.0,70.0,80.0,80.0,80.0,80.0,24.33,0.9554,0.4363,1.1519,96.43,3.05,0.26,0.0,0.0,7.4,120.1,16.05,0.0,0.0
752,100.0,50.0,70.0,80.0,90.0,90.0,90.0,13.77,1.0017,0.5214,1.1519,96.43,3.05,0.26,0.0,0.0,23.83,0.0,14.1,0.0,0.0
753,100.0,50.0,80.0,80.0,90.0,90.0,90.0,13.86,1.0054,0.5214,1.1322,96.43,3.51,0.26,0.0,0.0,7.4,0.0,30.96,0.0,0.0
754,100.0,40.0,60.0,60.0,70.0,70.0,80.0,24.57,0.9245,0.5237,1.1268,95.8,4.02,0.26,0.0,0.0,24.67,0.0,71.79,0.0,49.16
755,100.0,50.0,80.0,90.0,90.0,90.0,90.0,12.71,1.0106,0.5237,1.1519,95.8,3.05,0.26,0.0,0.0,7.4,0.0,20.57,0.0,0.0
756,100.0,50.0,80.0,90.0,90.0,90.0,90.0,12.06,1.0171,0.5237,1.1519,95.8,3.05,0.26,0.0,0.0,7.4,0.0,14.1,0.0,0.0
757,90.0,50.0,80.0,80.0,80.0,80.0,80.0,12.01,0.7823,-1.2593,1.1268,96.43,4.02,0.26,0.0,0.0,7.4,0.0,-,0.0,0.0
758,100.0,50.0,70.0,70.0,80.0,80.0,80.0,19.69,0.9568,0.5214,1.1268,96.43,4.02,0.26,0.0,0.0,24.67,0.0,71.54,0.0,0.0
759,100.0,50.0,70.0,80.0,80.0,80.0,80.0,22.4,0.9576,0.5214,1.1519,96.43,3.05,0.0,0.0,0.0,7.4,0.0,20.57,0.0,96.53
760,100.0,50.0,80.0,90.0,90.0,90.0,90.0,12.38,1.017,0.5214,1.1561,96.43,3.05,0.26,19.46,0.0,0.0,0.0,4.59,0.0,0.0
761,100.0,40.0,70.0,90.0,90.0,90.0,90.0,14.07,1.0007,0.5214,1.1519,96.43,3.05,0.26,19.46,0.0,7.4,0.0,14.1,0.0,0.0
762,80.0,40.0,50.0,60.0,70.0,70.0,70.0,17.61,0.535,-1.1561,1.0964,96.43,-,0.31,19.46,0.0,24.67,0.0,-,0.0,0.0
763,100.0,40.0,50.0,80.0,90.0,90.0,90.0,17.69,0.9658,0.5214,1.0964,96.43,27.04,0.31,19.46,0.0,12.83,0.0,20.82,0.0,0.0
764,100.0,40.0,80.0,90.0,90.0,90.0,90.0,13.17,1.009,0.5214,1.1561,96.43,3.51,0.31,19.46,0.0,7.4,0.0,4.59,0.0,0.0
765,100.0,40.0,70.0,90.0,90.0,90.0,90.0,14.07,1.0007,0.5214,1.1519,96.43,3.05,0.26,19.46,0.0,7.4,0.0,14.1,0.0,0.0
766,100.0,40.0,70.0,90.0,90.0,90.0,90.0,14.07,1.0007,0.5214,1.1519,96.43,3.05,0.26,19.46,0.0,7.4,0.0,14.1,0.0,0.0
767,100.0,40.0,70.0,90.0,90.0,90.0,90.0,14.11,1.0,0.5214,1.1488,96.43,3.18,0.26,19.46,0.0,7.4,0.0,14.35,0.0,0.0
768,100.0,30.0,70.0,80.0,80.0,80.0,80.0,36.12,0.9151,0.1123,1.1561,96.43,3.05,0.26,19.46,0.0,7.4,0.0,4.59,0.0,229.99
769,100.0,40.0,80.0,90.0,90.0,90.0,90.0,21.98,0.9867,0.3457,1.1488,179.81,3.18,0.26,19.46,0.0,7.4,0.0,9.66,0.0,0.0
770,100.0,40.0,70.0,90.0,90.0,90.0,90.0,14.05,0.9994,0.5214,1.1389,96.43,2.82,0.26,19.46,0.0,7.4,0.0,14.1,0.0,0.0
771,100.0,50.0,90.0,90.0,90.0,90.0,90.0,11.17,1.0264,0.5214,1.1561,96.43,3.05,0.26,0.0,0.0,7.4,0.0,4.59,0.0,0.0
772,100.0,30.0,70.0,80.0,80.0,80.0,80.0,19.94,0.9634,0.5214,1.1519,96.43,3.05,0.26,19.46,0.0,7.4,0.0,9.41,0.0,63.4
773,100.0,60.0,80.0,90.0,90.0,90.0,90.0,12.1,1.0174,0.5214,1.1519,96.43,3.05,0.0,0.0,0.0,7.4,0.0,14.1,0.0,0.0
774,100.0,40.0,80.0,90.0,90.0,90.0,90.0,13.12,1.0102,0.5214,1.1561,96.43,3.05,0.26,19.46,0.0,7.4,0.0,4.59,0.0,0.0
775,100.0,30.0,70.0,80.0,80.0,80.0,80.0,19.94,0.9634,0.5214,1.1519,96.43,3.05,0.26,19.46,0.0,7.4,0.0,9.41,0.0,63.4
776,100.0,50.0,80.0,90.0,90.0,90.0,90.0,12.38,1.017,0.5214,1.1561,96.43,3.05,0.26,19.46,0.0,0.0,0.0,4.59,0.0,0.0
777,100.0,40.0,70.0,80.0,80.0,80.0,90.0,17.96,0.9785,0.5214,1.1561,96.43,3.18,48.56,19.46,0.0,7.4,0.0,4.59,0.0,0.0
778,100.0,50.0,80.0,90.0,90.0,90.0,90.0,12.39,1.0167,0.5214,1.1561,96.43,3.18,0.26,19.46,0.0,0.0,0.0,4.59,0.0,0.0
779,100.0,40.0,70.0,80.0,80.0,80.0,80.0,22.76,0.9571,0.5214,1.1561,96.43,3.18,0.0,19.46,0.0,7.4,0.0,4.59,0.0,96.53
780,100.0,30.0,70.0,80.0,80.0,80.0,90.0,18.05,0.9773,0.5214,1.1561,96.43,3.18,0.26,19.46,0.0,7.4,0.0,4.59,0.0,49.16
781,100.0,50.0,80.0,90.0,90.0,90.0,90.0,12.39,1.0167,0.5214,1.1561,96.43,3.18,0.26,19.46,0.0,0.0,0.0,4.59,0.0,0.0
782,100.0,50.0,80.0,90.0,90.0,90.0,90.0,12.39,1.0167,0.5214,1.1561,96.43,3.18,0.26,19.46,0.0,0.0,0.0,4.59,0.0,0.0
783,100.0,40.0,80.0,90.0,90.0,90.0,90.0,13.13,1.0099,0.5214,1.1561,96.43,3.18,0.26,19.46,0.0,7.4,0.0,4.59,0.0,0.0
784,100.0,40.0,80.0,90.0,90.0,90.0,90.0,13.13,1.0099,0.5214,1.1561,96.43,3.18,0.26,19.46,0.0,7.4,0.0,4.59,0.0,0.0
785,100.0,40.0,70.0,80.0,80.0,80.0,80.0,42.31,0.9213,0.1781,1.1561,96.43,3.18,0.26,19.46,0.0,299.18,0.0,4.59,0.0,0.0
786,100.0,50.0,80.0,90.0,90.0,90.0,90.0,10.36,1.0195,0.605,1.1488,71.06,3.18,0.26,19.46,0.0,0.0,0.0,9.66,0.0,0.0
787,100.0,40.0,70.0,80.0,80.0,80.0,80.0,16.69,0.9779,0.605,1.1561,71.06,3.18,0.26,19.46,0.0,68.3,0.0,4.59,0.0,0.0
788,100.0,30.0,70.0,80.0,80.0,80.0,80.0,23.53,0.9452,0.3817,1.1519,71.06,3.05,0.26,19.46,0.0,7.4,0.0,9.41,0.0,124.62
789,100.0,50.0,80.0,90.0,90.0,90.0,90.0,12.39,1.0167,0.5214,1.1561,96.43,3.18,0.26,19.46,0.0,0.0,0.0,4.59,0.0,0.0
790,100.0,50.0,80.0,90.0,90.0,90.0,90.0,12.38,1.017,0.5214,1.1561,96.43,3.05,0.26,19.46,0.0,0.0,0.0,4.59,0.0,0.0
791,100.0,30.0,60.0,70.0,70.0,70.0,80.0,27.58,0.9144,0.5214,1.1488,96.43,3.18,0.26,19.46,0.0,7.4,0.0,99.96,0.0,49.16
792,100.0,60.0,90.0,90.0,90.0,90.0,90.0,10.45,1.0329,0.5214,1.1561,96.43,3.18,0.26,0.0,0.0,0.0,0.0,4.59,0.0,0.0
793,100.0,40.0,60.0,80.0,80.0,80.0,80.0,19.01,0.9627,0.5214,1.1488,96.43,3.18,0.26,0.0,0.0,12.83,0.0,20.82,0.0,56.54
794,100.0,50.0,80.0,90.0,90.0,90.0,90.0,12.9,1.0111,0.5214,1.1488,96.43,3.18,0.26,19.46,0.0,0.0,0.0,9.66,0.0,0.0
795,100.0,50.0,80.0,80.0,80.0,80.0,80.0,16.79,0.9913,0.5214,1.1561,96.43,3.18,0.26,0.0,0.0,0.0,0.0,4.59,0.0,63.4
796,100.0,50.0,60.0,60.0,60.0,80.0,90.0,30.75,0.9189,0.2963,1.1328,179.09,48.8,0.26,0.0,0.0,0.0,0.0,40.12,0.0,39.21
797,100.0,60.0,80.0,80.0,90.0,90.0,90.0,13.01,1.0106,0.5214,1.1561,96.43,28.86,0.26,0.0,0.0,0.0,0.0,4.59,0.0,0.0
798,100.0,60.0,70.0,70.0,80.0,90.0,90.0,16.57,0.9823,0.5214,1.1328,96.43,28.86,0.26,0.0,0.0,0.0,0.0,40.12,0.0,0.0
799,100.0,60.0,80.0,80.0,90.0,90.0,90.0,13.01,1.0106,0.5214,1.1561,96.43,28.86,0.26,0.0,0.0,0.0,0.0,4.59,0.0,0.0
800,100.0,60.0,70.0,70.0,80.0,90.0,90.0,24.83,0.9598,0.2963,1.1328,179.09,28.86,0.26,0.0,0.0,0.0,0.0,40.12,0.0,0.0
